epoch,step,test_dec1_cross_entropy,test_dec1_self_entropy,test_dec2_cross_entropy,test_dec2_self_entropy,test_loss,test_loss_X,test_loss_Y,test_mae,test_mae_X,test_mae_Y,test_notears,test_r2_X,test_r2_Y,train_dec1_cross_entropy,train_dec1_self_entropy,train_dec2_cross_entropy,train_dec2_self_entropy,train_loss,train_loss_X,train_loss_Y,train_mae,train_mae_X,train_mae_Y,train_notears,train_r2_X,train_r2_Y,val_dec1_cross_entropy,val_dec1_self_entropy,val_dec2_cross_entropy,val_dec2_self_entropy,val_loss,val_loss_X,val_loss_Y,val_mae,val_mae_X,val_mae_Y,val_notears,val_r2_X,val_r2_Y
0,199,,,,,,,,,,,,,,,,,,,,,,,,,,,-0.4592469334602356,0.0,-0.1878264844417572,0.0,2327.1640625,0.031544286757707596,0.024814996868371964,0.1356493979692459,0.1439584493637085,0.1273403763771057,0.0,-0.2786591351032257,-0.0200144425034523
0,199,,,,,,,,,,,,,,-0.5550507307052612,0.0,-0.010077467188239098,0.0,107.46707153320312,0.11207109689712524,0.04812086001038551,0.2131415158510208,0.2553976774215698,0.1708851009607315,0.0,-3.7458934783935547,-1.036596655845642,,,,,,,,,,,,,
1,399,,,,,,,,,,,,,,,,,,,,,,,,,,,-0.35361748933792114,0.0,-0.5878929495811462,0.0,2106.398681640625,0.028015680611133575,0.025359053164720535,0.13231074810028076,0.13589929044246674,0.1287222057580948,0.0,-0.1341542899608612,-0.042447272688150406
1,399,,,,,,,,,,,,,,-0.24275663495063782,0.0,-0.42518454790115356,0.0,117.24629211425781,0.04663670063018799,0.03226770460605621,0.15768127143383026,0.17125216126441956,0.14411033689975739,0.0,-0.9414650797843933,-0.3559815585613251,,,,,,,,,,,,,
2,599,,,,,,,,,,,,,,,,,,,,,,,,,,,0.14801174402236938,0.0,-0.5927873849868774,0.0,1621.09228515625,0.027202144265174866,0.025168070569634438,0.13096529245376587,0.133734792470932,0.12819577753543854,0.0,-0.10060563683509827,-0.03470717743039131
2,599,,,,,,,,,,,,,,-0.027451753616333008,0.0,-0.5223051905632019,0.0,103.78275299072266,0.03670766204595566,0.029690617695450783,0.14596815407276154,0.15318089723587036,0.13875547051429749,0.0,-0.5127520561218262,-0.24374714493751526,,,,,,,,,,,,,
3,799,,,,,,,,,,,,,,,,,,,,,,,,,,,0.3715577721595764,0.0,-0.5739421248435974,0.0,1621.4627685546875,0.024671340361237526,0.02476453222334385,0.12724533677101135,0.1273559182882309,0.12713474035263062,0.0,0.0024207925889641047,-0.018287964165210724
3,799,,,,,,,,,,,,,,0.17731405794620514,0.0,-0.4862847924232483,0.0,83.34245300292969,0.03235267102718353,0.02833040989935398,0.1398235559463501,0.1443941742181778,0.1352529525756836,0.0,-0.3379766047000885,-0.18826711177825928,,,,,,,,,,,,,
4,999,,,,,,,,,,,,,,,,,,,,,,,,,,,0.40569645166397095,0.0,-0.6457622647285461,0.0,1478.66552734375,0.026014216244220734,0.024862393736839294,0.12912872433662415,0.13079619407653809,0.12746122479438782,0.0,-0.05032120645046234,-0.022153232246637344
4,999,,,,,,,,,,,,,,0.23746581375598907,0.0,-0.42921820282936096,0.0,76.7943344116211,0.029611844569444656,0.02782733179628849,0.1366271823644638,0.13873538374900818,0.1345188468694687,0.0,-0.21998505294322968,-0.16451367735862732,,,,,,,,,,,,,
5,1199,,,,,,,,,,,,,,,,,,,,,,,,,,,0.40863853693008423,0.0,-0.5640733242034912,0.0,1483.28466796875,0.024931926280260086,0.024832708761096,0.127592533826828,0.12788943946361542,0.1272956132888794,0.0,-0.009090512990951538,-0.02090296521782875
5,1199,,,,,,,,,,,,,,0.26613879203796387,0.0,-0.3453102111816406,0.0,79.79661560058594,0.02904975228011608,0.026744086295366287,0.13424628973007202,0.13703171908855438,0.13146091997623444,0.0,-0.2001609057188034,-0.12051752954721451,,,,,,,,,,,,,
6,1399,,,,,,,,,,,,,,,,,,,,,,,,,,,0.39087018370628357,0.0,-0.46209201216697693,0.0,1688.108642578125,0.02375308983027935,0.024613872170448303,0.12587228417396545,0.12497901916503906,0.12676554918289185,0.0,0.03767891973257065,-0.012117759324610233
6,1399,,,,,,,,,,,,,,0.268174946308136,0.0,-0.3263487219810486,0.0,77.886474609375,0.027768967673182487,0.026209257543087006,0.13203850388526917,0.13362808525562286,0.13044902682304382,0.0,-0.14629647135734558,-0.09692314267158508,,,,,,,,,,,,,
7,1599,,,,,,,,,,,,,,,,,,,,,,,,,,,0.338764488697052,0.0,0.1855560690164566,0.0,1618.9940185546875,0.02355760522186756,0.024601032957434654,0.12540951371192932,0.12410447746515274,0.1267145872116089,0.0,0.046703871339559555,-0.011378155089914799
7,1599,,,,,,,,,,,,,,0.24736759066581726,0.0,-0.16339492797851562,0.0,85.820556640625,0.026774004101753235,0.025406422093510628,0.12997610867023468,0.13182368874549866,0.12812848389148712,0.0,-0.10204930603504181,-0.06017957255244255,,,,,,,,,,,,,
8,1799,,,,,,,,,,,,,,,,,,,,,,,,,,,0.3242112696170807,0.0,0.2815054655075073,0.0,1830.0074462890625,0.023249780759215355,0.024781031534075737,0.12541787326335907,0.12348949164152145,0.12734626233577728,0.0,0.058189649134874344,-0.01962210237979889
8,1799,,,,,,,,,,,,,,0.24240025877952576,0.0,-0.025874020531773567,0.0,91.39099884033203,0.026032190769910812,0.02439046837389469,0.12757354974746704,0.12978091835975647,0.1253662109375,0.0,-0.07157882302999496,-0.02105526439845562,,,,,,,,,,,,,
9,1999,,,,,,,,,,,,,,,,,,,,,,,,,,,0.30665072798728943,0.0,0.27108046412467957,0.0,2074.07958984375,0.021276388317346573,0.023824872449040413,0.12119263410568237,0.11770867556333542,0.12467654049396515,0.0,0.13850581645965576,0.020406508818268776
9,1999,,,,,,,,,,,,,,0.264451265335083,0.0,0.03268713876605034,0.0,97.772216796875,0.025396397337317467,0.023130448535084724,0.12503908574581146,0.12831330299377441,0.12176492810249329,0.0,-0.047303952276706696,0.030795209109783173,,,,,,,,,,,,,
10,2199,,,,,,,,,,,,,,,,,,,,,,,,,,,0.26953333616256714,0.0,0.2934616506099701,0.0,3134.955322265625,0.021662820130586624,0.023783652111887932,0.1220514103770256,0.11921287328004837,0.12488994002342224,0.0,0.12677472829818726,0.022643933072686195
10,2199,,,,,,,,,,,,,,0.2406558245420456,0.0,0.06561999022960663,0.0,121.61996459960938,0.024332240223884583,0.020725565031170845,0.12032662332057953,0.1256117820739746,0.11504151672124863,0.0,-0.006050026509910822,0.12913620471954346,,,,,,,,,,,,,
11,2399,,,,,,,,,,,,,,,,,,,,,,,,,,,0.22833028435707092,0.0,0.298471599817276,0.0,4873.4814453125,0.02017570473253727,0.021741218864917755,0.11725644022226334,0.11503183096647263,0.11948102712631226,0.0,0.1827266365289688,0.10417383164167404
11,2399,,,,,,,,,,,,,,0.2337646633386612,0.0,0.07940612733364105,0.0,171.02230834960938,0.02384130284190178,0.01714228093624115,0.1139187440276146,0.12409890443086624,0.10373858362436295,0.0,0.01381678320467472,0.2790619432926178,,,,,,,,,,,,,
12,2599,,,,,,,,,,,,,,,,,,,,,,,,,,,0.21013619005680084,0.0,0.27208712697029114,0.0,7610.51171875,0.018102653324604034,0.019676290452480316,0.11121229827404022,0.10879690200090408,0.11362770944833755,0.0,0.2683463990688324,0.19017955660820007
12,2599,,,,,,,,,,,,,,0.22465500235557556,0.0,0.07262406498193741,0.0,259.86981201171875,0.022733643651008606,0.013821631669998169,0.1063910648226738,0.12115375697612762,0.09162834286689758,0.0,0.06444771587848663,0.421367347240448,,,,,,,,,,,,,
13,2799,,,,,,,,,,,,,,,,,,,,,,,,,,,0.20264017581939697,0.0,0.27993205189704895,0.0,6721.19921875,0.018053201958537102,0.019287897273898125,0.11073675751686096,0.10871828347444534,0.11275526881217957,0.0,0.2687220871448517,0.2037166953086853
13,2799,,,,,,,,,,,,,,0.19808492064476013,0.0,0.06608030945062637,0.0,416.311279296875,0.021753165870904922,0.011954077519476414,0.10118144005537033,0.1184116080403328,0.08395125716924667,0.0,0.10531633347272873,0.5007243752479553,,,,,,,,,,,,,
14,2999,,,,,,,,,,,,,,,,,,,,,,,,,,,0.1446881890296936,0.0,0.2678855061531067,0.0,5177.66455078125,0.01612170971930027,0.017251120880246162,0.10410434007644653,0.10220510512590408,0.10600358992815018,0.0,0.3473353981971741,0.2915166914463043
14,2999,,,,,,,,,,,,,,0.18847016990184784,0.0,0.05519213154911995,0.0,358.0351257324219,0.020837562158703804,0.010374944657087326,0.09696418046951294,0.11585058271884918,0.07807771861553192,0.0,0.1403828263282776,0.5636330246925354,,,,,,,,,,,,,
15,3199,,,,,,,,,,,,,,,,,,,,,,,,,,,0.16061964631080627,0.0,0.265619158744812,0.0,4453.4716796875,0.014256621710956097,0.017055267468094826,0.100741446018219,0.09626796096563339,0.10521489381790161,0.0,0.4206923246383667,0.29806405305862427
15,3199,,,,,,,,,,,,,,0.17695938050746918,0.0,0.06968909502029419,0.0,277.05145263671875,0.019449954852461815,0.009718283079564571,0.09329690784215927,0.11158325523138046,0.07501064240932465,0.0,0.19924604892730713,0.5889707803726196,,,,,,,,,,,,,
16,3399,,,,,,,,,,,,,,,,,,,,,,,,,,,0.1606171727180481,0.0,0.2499554306268692,0.0,4192.95068359375,0.013286355882883072,0.014932737685739994,0.09573563933372498,0.09272312372922897,0.09874813258647919,0.0,0.4644105136394501,0.38854479789733887
16,3399,,,,,,,,,,,,,,0.17243367433547974,0.0,0.07089810818433762,0.0,249.60488891601562,0.018244091421365738,0.009258707985281944,0.09048157930374146,0.10795078426599503,0.0730123221874237,0.0,0.24837471544742584,0.6118665933609009,,,,,,,,,,,,,
17,3599,,,,,,,,,,,,,,,,,,,,,,,,,,,0.19820527732372284,0.0,0.24684791266918182,0.0,3935.2353515625,0.011461364105343819,0.013620104640722275,0.08899474889039993,0.08491281419992447,0.09307670593261719,0.0,0.5386748313903809,0.44194546341896057
17,3599,,,,,,,,,,,,,,0.15660877525806427,0.0,0.06598182767629623,0.0,231.7615966796875,0.016683179885149002,0.008643542416393757,0.08652985841035843,0.10268852859735489,0.07037115097045898,0.0,0.30899760127067566,0.6370533108711243,,,,,,,,,,,,,
18,3799,,,,,,,,,,,,,,,,,,,,,,,,,,,0.1423185020685196,0.0,0.22923573851585388,0.0,3658.24853515625,0.00780370831489563,0.010065395385026932,0.074189692735672,0.06919057667255402,0.07918881624937057,0.0,0.6808681488037109,0.5799689292907715
18,3799,,,,,,,,,,,,,,0.1596461832523346,0.0,0.06730565428733826,0.0,236.45082092285156,0.015264601446688175,0.00804654136300087,0.0826108455657959,0.09762433171272278,0.06759737432003021,0.0,0.36948245763778687,0.662484347820282,,,,,,,,,,,,,
19,3999,,,,,,,,,,,,,,,,,,,,,,,,,,,0.13058875501155853,0.0,0.21004804968833923,0.0,4101.814453125,0.007124366704374552,0.010102493688464165,0.07185406982898712,0.06548719108104706,0.07822096347808838,0.0,0.7094946503639221,0.581348180770874
19,3999,,,,,,,,,,,,,,0.14007972180843353,0.0,0.08387988060712814,0.0,206.74087524414062,0.013538719154894352,0.007346390280872583,0.07783380150794983,0.09125543385744095,0.06441216915845871,0.0,0.44012728333473206,0.6901962757110596,,,,,,,,,,,,,
20,4199,,,,,,,,,,,,,,,,,,,,,,,,,,,0.15708789229393005,0.0,0.22112785279750824,0.0,4254.13720703125,0.005626905709505081,0.010064675472676754,0.06668581068515778,0.05722276121377945,0.07614884525537491,0.0,0.7703889608383179,0.5777817368507385
20,4199,,,,,,,,,,,,,,0.15832000970840454,0.0,0.07842805981636047,0.0,233.15455627441406,0.012186377309262753,0.007293844595551491,0.07486308366060257,0.08606009185314178,0.06366607546806335,0.0,0.494435578584671,0.6917973160743713,,,,,,,,,,,,,
21,4399,,,,,,,,,,,,,,,,,,,,,,,,,,,0.13457439839839935,0.0,0.14651821553707123,0.0,4430.43115234375,0.004423089325428009,0.006245783995836973,0.055283594876527786,0.0506717786192894,0.059895385056734085,0.0,0.8211299777030945,0.7415002584457397
21,4399,,,,,,,,,,,,,,0.15476620197296143,0.0,0.07852566242218018,0.0,241.32803344726562,0.010717037133872509,0.007007686886936426,0.07153403013944626,0.08057200163602829,0.06249606981873512,0.0,0.555572509765625,0.7062726020812988,,,,,,,,,,,,,
22,4599,,,,,,,,,,,,,,,,,,,,,,,,,,,0.12952761352062225,0.0,0.1362096071243286,0.0,4598.52490234375,0.003386140801012516,0.005370429717004299,0.04933106526732445,0.04384756460785866,0.05481454357504845,0.0,0.8625141978263855,0.7794104814529419
22,4599,,,,,,,,,,,,,,0.1647701859474182,0.0,0.07564090937376022,0.0,249.70501708984375,0.00995286088436842,0.006674919743090868,0.06920887529850006,0.07740053534507751,0.061017200350761414,0.0,0.5840469598770142,0.719508945941925,,,,,,,,,,,,,
23,4799,,,,,,,,,,,,,,,,,,,,,,,,,,,0.14074455201625824,0.0,0.1308705359697342,0.0,4824.36767578125,0.0038759997114539146,0.00575185427442193,0.05236830562353134,0.04697173088788986,0.057764872908592224,0.0,0.8383386731147766,0.7587262988090515
23,4799,,,,,,,,,,,,,,0.17278459668159485,0.0,0.0887921079993248,0.0,258.280517578125,0.009480858221650124,0.006015758030116558,0.06661844998598099,0.07554050534963608,0.057696398347616196,0.0,0.6053561568260193,0.747395396232605,,,,,,,,,,,,,
24,4999,,,,,,,,,,,,,,,,,,,,,,,,,,,0.1315765082836151,0.0,0.13629670441150665,0.0,4887.72412109375,0.003314367728307843,0.005333028268069029,0.04975642263889313,0.043635305017232895,0.05587753653526306,0.0,0.8650112152099609,0.7814927697181702
24,4999,,,,,,,,,,,,,,0.14860430359840393,0.0,0.07998505234718323,0.0,286.33282470703125,0.008800235576927662,0.006047713104635477,0.06506779789924622,0.07260414958000183,0.05753149464726448,0.0,0.6340190768241882,0.745937705039978,,,,,,,,,,,,,
25,5199,,,,,,,,,,,,,,,,,,,,,,,,,,,0.14776825904846191,0.0,0.13346533477306366,0.0,5010.326171875,0.0027784102130681276,0.005115597043186426,0.04711182042956352,0.03984948247671127,0.05437418073415756,0.0,0.8879040479660034,0.7902289032936096
25,5199,,,,,,,,,,,,,,0.1663721203804016,0.0,0.08681268990039825,0.0,281.83074951171875,0.008371567353606224,0.005716374143958092,0.06325425952672958,0.07055661082267761,0.05595194920897484,0.0,0.6526811122894287,0.7593247890472412,,,,,,,,,,,,,
26,5399,,,,,,,,,,,,,,,,,,,,,,,,,,,0.15818347036838531,0.0,0.14448803663253784,0.0,5251.83251953125,0.0032825712114572525,0.006385315675288439,0.05212194100022316,0.043635014444589615,0.06060885265469551,0.0,0.8658117651939392,0.7321641445159912
26,5399,,,,,,,,,,,,,,0.17136964201927185,0.0,0.08879269659519196,0.0,284.3099670410156,0.008234132081270218,0.005469250492751598,0.062443338334560394,0.07014591991901398,0.05474076792597771,0.0,0.6565189361572266,0.769758403301239,,,,,,,,,,,,,
27,5599,,,,,,,,,,,,,,,,,,,,,,,,,,,0.1655818223953247,0.0,0.1314273625612259,0.0,5211.0625,0.002895517973229289,0.005247088614851236,0.04757145792245865,0.040766749531030655,0.054376162588596344,0.0,0.8807829022407532,0.7803829312324524
27,5599,,,,,,,,,,,,,,0.17395265400409698,0.0,0.08740819245576859,0.0,302.47430419921875,0.007683311589062214,0.005372151266783476,0.060977257788181305,0.06790614128112793,0.05404840037226677,0.0,0.6795120239257812,0.7735573053359985,,,,,,,,,,,,,
28,5799,,,,,,,,,,,,,,,,,,,,,,,,,,,0.16513729095458984,0.0,0.15256744623184204,0.0,5436.37451171875,0.00242724921554327,0.005305158905684948,0.04702035337686539,0.037391744554042816,0.05664897337555885,0.0,0.9008227586746216,0.7793487310409546
28,5799,,,,,,,,,,,,,,0.17684343457221985,0.0,0.08886809647083282,0.0,304.45947265625,0.007741780485957861,0.00527357030659914,0.060577236115932465,0.06795838475227356,0.05319606885313988,0.0,0.6775605082511902,0.7790947556495667,,,,,,,,,,,,,
29,5999,,,,,,,,,,,,,,,,,,,,,,,,,,,0.1764877885580063,0.0,0.12320173531770706,0.0,5588.0185546875,0.0033318018540740013,0.005585880950093269,0.051483966410160065,0.044722218066453934,0.0582457035779953,0.0,0.8630175590515137,0.7665936946868896
29,5999,,,,,,,,,,,,,,0.1868390589952469,0.0,0.09041199833154678,0.0,316.9432373046875,0.007072904147207737,0.004932369105517864,0.058544743806123734,0.06520784646272659,0.05188164860010147,0.0,0.704245388507843,0.7927625179290771,,,,,,,,,,,,,
30,6199,,,,,,,,,,,,,,,,,,,,,,,,,,,0.19101859629154205,0.0,0.13707955181598663,0.0,5530.087890625,0.002724385354667902,0.005767707247287035,0.0486864410340786,0.039982154965400696,0.05739075317978859,0.0,0.8890403509140015,0.7619193196296692
30,6199,,,,,,,,,,,,,,0.19608448445796967,0.0,0.08552610129117966,0.0,321.7363586425781,0.006857147440314293,0.005166787654161453,0.05824178084731102,0.06390219926834106,0.05258137360215187,0.0,0.7148492336273193,0.7838960289955139,,,,,,,,,,,,,
31,6399,,,,,,,,,,,,,,,,,,,,,,,,,,,0.19190223515033722,0.0,0.14107374846935272,0.0,5636.01708984375,0.002327010501176119,0.004623825661838055,0.043647125363349915,0.03655038774013519,0.05074388533830643,0.0,0.9049914479255676,0.8084487915039062
31,6399,,,,,,,,,,,,,,0.19793646037578583,0.0,0.09392812103033066,0.0,317.38812255859375,0.006903320550918579,0.00472040381282568,0.05716504529118538,0.06404225528240204,0.05028790980577469,0.0,0.711626410484314,0.8020967245101929,,,,,,,,,,,,,
32,6599,,,,,,,,,,,,,,,,,,,,,,,,,,,0.16431377828121185,0.0,0.148224338889122,0.0,5610.587890625,0.0031472700648009777,0.005066174082458019,0.0490662157535553,0.04307427257299423,0.05505817010998726,0.0,0.8704634308815002,0.7873436808586121
32,6599,,,,,,,,,,,,,,0.193067267537117,0.0,0.09403707832098007,0.0,334.3132019042969,0.006615655962377787,0.004491445142775774,0.05604857578873634,0.06256221979856491,0.04953490197658539,0.0,0.7247317433357239,0.8123449683189392,,,,,,,,,,,,,
33,6799,,,,,,,,,,,,,,,,,,,,,,,,,,,0.1758844256401062,0.0,0.1454162895679474,0.0,5653.96435546875,0.00246316846460104,0.004220303148031235,0.04341277480125427,0.038000818341970444,0.0488247312605381,0.0,0.8965469598770142,0.8246798515319824
33,6799,,,,,,,,,,,,,,0.18792718648910522,0.0,0.10034344345331192,0.0,324.1744384765625,0.006376665085554123,0.00447415467351675,0.05523808300495148,0.0613890141248703,0.04908718168735504,0.0,0.7330425381660461,0.8126766085624695,,,,,,,,,,,,,
34,6999,,,,,,,,,,,,,,,,,,,,,,,,,,,0.17982947826385498,0.0,0.1392636001110077,0.0,5654.38134765625,0.003044233890250325,0.005231386516243219,0.04879578948020935,0.04255879297852516,0.05503278225660324,0.0,0.8772174715995789,0.7875320911407471
34,6999,,,,,,,,,,,,,,0.1845136433839798,0.0,0.0976819396018982,0.0,323.82318115234375,0.005883458070456982,0.004377938341349363,0.05384499952197075,0.058810409158468246,0.04887958616018295,0.0,0.7555794715881348,0.8161290884017944,,,,,,,,,,,,,
35,7199,,,,,,,,,,,,,,,,,,,,,,,,,,,0.17992229759693146,0.0,0.11026352643966675,0.0,5756.5283203125,0.0024454861413687468,0.004306102637201548,0.0436069592833519,0.0373753160238266,0.0498385988175869,0.0,0.899700403213501,0.8205786943435669
35,7199,,,,,,,,,,,,,,0.19127269089221954,0.0,0.10084395110607147,0.0,326.2229919433594,0.005995351821184158,0.0043134246952831745,0.05400212109088898,0.059762001037597656,0.04824226722121239,0.0,0.7510233521461487,0.8191792964935303,,,,,,,,,,,,,
36,7399,,,,,,,,,,,,,,,,,,,,,,,,,,,0.17299884557724,0.0,0.11294401437044144,0.0,5907.7587890625,0.002145982813090086,0.004566486459225416,0.04327578470110893,0.0350482240319252,0.05150335282087326,0.0,0.9114629626274109,0.8115572333335876
36,7399,,,,,,,,,,,,,,0.1888359785079956,0.0,0.09616129845380783,0.0,336.7994079589844,0.005814167205244303,0.004428346175700426,0.053610507398843765,0.05873609706759453,0.04848489165306091,0.0,0.756863534450531,0.8137571215629578,,,,,,,,,,,,,
37,7599,,,,,,,,,,,,,,,,,,,,,,,,,,,0.18299978971481323,0.0,0.09984125941991806,0.0,5846.5400390625,0.0020739659667015076,0.0038716443814337254,0.04045529291033745,0.0342436246573925,0.04666697606444359,0.0,0.9144651293754578,0.8385562896728516
37,7599,,,,,,,,,,,,,,0.20290403068065643,0.0,0.09539053589105606,0.0,348.6942443847656,0.0057525127194821835,0.004308095667511225,0.053085412830114365,0.058344464749097824,0.047826360911130905,0.0,0.7607831358909607,0.8192322254180908,,,,,,,,,,,,,
38,7799,,,,,,,,,,,,,,,,,,,,,,,,,,,0.17727243900299072,0.0,0.13871228694915771,0.0,5878.41796875,0.0022745863534510136,0.004569040611386299,0.04353020340204239,0.036245252937078476,0.0508151613175869,0.0,0.9066399931907654,0.8088133931159973
38,7799,,,,,,,,,,,,,,0.1978074312210083,0.0,0.09477318823337555,0.0,362.04461669921875,0.005625090096145868,0.004135459661483765,0.052325185388326645,0.057565752416849136,0.04708461835980415,0.0,0.763977587223053,0.8267309665679932,,,,,,,,,,,,,
39,7999,,,,,,,,,,,,,,,,,,,,,,,,,,,0.20886367559432983,0.0,0.12017315626144409,0.0,5838.474609375,0.0020880356896668673,0.004384951200336218,0.043301425874233246,0.03553137928247452,0.05107145383954048,0.0,0.9141826629638672,0.8177065253257751
39,7999,,,,,,,,,,,,,,0.2064048945903778,0.0,0.10194394737482071,0.0,355.68121337890625,0.005225691013038158,0.003968127071857452,0.0507914274930954,0.055498771369457245,0.04608411341905594,0.0,0.7814785838127136,0.8338835835456848,,,,,,,,,,,,,
40,8199,,,,,,,,,,,,,,,,,,,,,,,,,,,0.177951380610466,0.0,0.15399345755577087,0.0,5804.04638671875,0.0021177970338612795,0.003914241213351488,0.040396515280008316,0.03411943092942238,0.04667360335588455,0.0,0.9125158786773682,0.8365380167961121
40,8199,,,,,,,,,,,,,,0.2006867378950119,0.0,0.10847444832324982,0.0,357.4608459472656,0.005278361029922962,0.003819685196503997,0.05062582343816757,0.05586477741599083,0.045386895537376404,0.0,0.7795922160148621,0.8388421535491943,,,,,,,,,,,,,
41,8399,,,,,,,,,,,,,,,,,,,,,,,,,,,0.2047354131937027,0.0,0.11381029337644577,0.0,5680.822265625,0.002349943621084094,0.003928829450160265,0.041096772998571396,0.03528003767132759,0.0469135083258152,0.0,0.9053131341934204,0.837812066078186
41,8399,,,,,,,,,,,,,,0.20460061728954315,0.0,0.11176560074090958,0.0,350.7323913574219,0.005160646513104439,0.0037697511725127697,0.0500393882393837,0.05502276122570038,0.045055974274873734,0.0,0.7846312522888184,0.8409586548805237,,,,,,,,,,,,,
42,8599,,,,,,,,,,,,,,,,,,,,,,,,,,,0.20039702951908112,0.0,0.12352637201547623,0.0,5543.791015625,0.0017231932142749429,0.003449050709605217,0.037031758576631546,0.03111470676958561,0.04294882342219353,0.0,0.9302436709403992,0.8566727638244629
42,8599,,,,,,,,,,,,,,0.20212513208389282,0.0,0.10727767646312714,0.0,357.9747009277344,0.004982997663319111,0.003873973386362195,0.04962804168462753,0.05416150018572807,0.04509459435939789,0.0,0.792310357093811,0.8388295769691467,,,,,,,,,,,,,
43,8799,,,,,,,,,,,,,,,,,,,,,,,,,,,0.18157081305980682,0.0,0.1205863505601883,0.0,5335.63330078125,0.001420222339220345,0.0029537053778767586,0.034793052822351456,0.028745466843247414,0.04084065556526184,0.0,0.9413092732429504,0.8769713640213013
43,8799,,,,,,,,,,,,,,0.2154586762189865,0.0,0.10213623940944672,0.0,342.0912170410156,0.004856836516410112,0.0036637887824326754,0.048895273357629776,0.053361546248197556,0.044429000467061996,0.0,0.7988354563713074,0.8470189571380615,,,,,,,,,,,,,
44,8999,,,,,,,,,,,,,,,,,,,,,,,,,,,0.19244897365570068,0.0,0.11342943459749222,0.0,5232.09423828125,0.0015725550474599004,0.003483059350401163,0.03726407140493393,0.029822176322340965,0.04470597580075264,0.0,0.9355962872505188,0.8565036058425903
44,8999,,,,,,,,,,,,,,0.22055795788764954,0.0,0.11634622514247894,0.0,318.5540771484375,0.004849977791309357,0.0035842445213347673,0.0486285500228405,0.053465038537979126,0.04379205405712128,0.0,0.7983403205871582,0.8497205376625061,,,,,,,,,,,,,
45,9199,,,,,,,,,,,,,,,,,,,,,,,,,,,0.19015924632549286,0.0,0.1009785458445549,0.0,5283.166015625,0.0015878066187724471,0.0032848345581442118,0.03662298247218132,0.03035876527428627,0.042887188494205475,0.0,0.9348869919776917,0.862963080406189
45,9199,,,,,,,,,,,,,,0.21571902930736542,0.0,0.09642426669597626,0.0,320.1251220703125,0.004663825035095215,0.0036788643337786198,0.04822040721774101,0.052463699132204056,0.04397709295153618,0.0,0.8057637810707092,0.8443763256072998,,,,,,,,,,,,,
46,9399,,,,,,,,,,,,,,,,,,,,,,,,,,,0.20856010913848877,0.0,0.13439615070819855,0.0,5182.5322265625,0.001835840754210949,0.00368149159476161,0.03901796042919159,0.03232894092798233,0.04570696875452995,0.0,0.9252200126647949,0.8475198149681091
46,9399,,,,,,,,,,,,,,0.208669513463974,0.0,0.1113954707980156,0.0,332.3643798828125,0.004748926963657141,0.0034716424997895956,0.04781045764684677,0.052484966814517975,0.04313597083091736,0.0,0.8032608032226562,0.8539571166038513,,,,,,,,,,,,,
47,9599,,,,,,,,,,,,,,,,,,,,,,,,,,,0.2007172405719757,0.0,0.10240226984024048,0.0,5120.90869140625,0.0014784428058192134,0.0031367100309580564,0.035332709550857544,0.02914268523454666,0.04152274131774902,0.0,0.93938148021698,0.8702954649925232
47,9599,,,,,,,,,,,,,,0.20648518204689026,0.0,0.1021832823753357,0.0,317.7567138671875,0.004720788449048996,0.003441939130425453,0.04762724041938782,0.05266664922237396,0.0425877682864666,0.0,0.8029321432113647,0.8559825420379639,,,,,,,,,,,,,
48,9799,,,,,,,,,,,,,,,,,,,,,,,,,,,0.23249252140522003,0.0,0.1388360857963562,0.0,5011.8994140625,0.001744996290653944,0.003526708809658885,0.03776812180876732,0.031444597989320755,0.04409162700176239,0.0,0.9282335638999939,0.8510404229164124
48,9799,,,,,,,,,,,,,,0.2098524123430252,0.0,0.11059100925922394,0.0,314.42730712890625,0.004386216402053833,0.0033583755139261484,0.04640810564160347,0.050695519894361496,0.042120710015296936,0.0,0.8175601363182068,0.8586558699607849,,,,,,,,,,,,,
49,9999,,,,,,,,,,,,,,,,,,,,,,,,,,,0.19719377160072327,0.0,0.10540880262851715,0.0,4788.92529296875,0.0014357533073052764,0.002562114968895912,0.03319942206144333,0.028764545917510986,0.03763430565595627,0.0,0.9420443177223206,0.8951036930084229
49,9999,,,,,,,,,,,,,,0.21587185561656952,0.0,0.10718373954296112,0.0,315.809814453125,0.00447680801153183,0.0032173036597669125,0.04641270637512207,0.0512000173330307,0.041625361889600754,0.0,0.8138687014579773,0.8641359806060791,,,,,,,,,,,,,
50,10199,,,,,,,,,,,,,,,,,,,,,,,,,,,0.2337026447057724,0.0,0.1256750226020813,0.0,4750.54736328125,0.00176611403003335,0.0029468380380421877,0.03602905198931694,0.03155985474586487,0.04049825295805931,0.0,0.9266221523284912,0.8772269487380981
50,10199,,,,,,,,,,,,,,0.22705918550491333,0.0,0.11035090684890747,0.0,295.3670959472656,0.004235908389091492,0.003201467916369438,0.04566897451877594,0.04974214732646942,0.04159580543637276,0.0,0.8237828016281128,0.8657552599906921,,,,,,,,,,,,,
51,10399,,,,,,,,,,,,,,,,,,,,,,,,,,,0.20586001873016357,0.0,0.08742102980613708,0.0,4607.1328125,0.0014976882375776768,0.0030105686746537685,0.0357651486992836,0.029737036675214767,0.04179326072335243,0.0,0.9390872120857239,0.8725056648254395
51,10399,,,,,,,,,,,,,,0.22785429656505585,0.0,0.1100284606218338,0.0,296.39501953125,0.004366467706859112,0.0032712400425225496,0.04612110182642937,0.05055789649486542,0.041684288531541824,0.0,0.8179324269294739,0.8626766800880432,,,,,,,,,,,,,
52,10599,,,,,,,,,,,,,,,,,,,,,,,,,,,0.19160284101963043,0.0,0.12462782859802246,0.0,4476.63037109375,0.001809973269701004,0.0036584297195076942,0.03924420848488808,0.03296027332544327,0.04552812874317169,0.0,0.9236798286437988,0.8438484072685242
52,10599,,,,,,,,,,,,,,0.2299768328666687,0.0,0.10762563347816467,0.0,295.8841552734375,0.004156817216426134,0.0030849818140268326,0.045011263340711594,0.04939582943916321,0.04062671586871147,0.0,0.8258421421051025,0.8694725632667542,,,,,,,,,,,,,
53,10799,,,,,,,,,,,,,,,,,,,,,,,,,,,0.1983964890241623,0.0,0.11240694671869278,0.0,4364.9638671875,0.0012110774405300617,0.002794216852635145,0.03297927603125572,0.026079850271344185,0.03987870365381241,0.0,0.950887143611908,0.8852118849754333
53,10799,,,,,,,,,,,,,,0.22928829491138458,0.0,0.11059507727622986,0.0,283.2191467285156,0.004255399573594332,0.0030645153019577265,0.04506918042898178,0.04970097169280052,0.04043738543987274,0.0,0.821861207485199,0.8703299760818481,,,,,,,,,,,,,
54,10999,,,,,,,,,,,,,,,,,,,,,,,,,,,0.23936878144741058,0.0,0.11313710361719131,0.0,4201.98095703125,0.0012968748342245817,0.0030365604907274246,0.034169863909482956,0.026885414496064186,0.04145432636141777,0.0,0.9484263062477112,0.8761179447174072
54,10999,,,,,,,,,,,,,,0.22549137473106384,0.0,0.10869098454713821,0.0,273.5587158203125,0.003926697187125683,0.002996305236592889,0.04400358349084854,0.04799528047442436,0.04001187905669212,0.0,0.8355100750923157,0.8746060729026794,,,,,,,,,,,,,
55,11199,,,,,,,,,,,,,,,,,,,,,,,,,,,0.19303730130195618,0.0,0.13160426914691925,0.0,4074.435546875,0.0016161042731255293,0.0031690748874098063,0.03662587329745293,0.031085524708032608,0.04216622933745384,0.0,0.9327751398086548,0.866960883140564
55,11199,,,,,,,,,,,,,,0.22698527574539185,0.0,0.11601171642541885,0.0,256.32452392578125,0.003957465291023254,0.0030537485145032406,0.04403106868267059,0.04787075147032738,0.04019133746623993,0.0,0.8357442617416382,0.8716611266136169,,,,,,,,,,,,,
56,11399,,,,,,,,,,,,,,,,,,,,,,,,,,,0.23915523290634155,0.0,0.12889550626277924,0.0,3973.515625,0.0011771416757255793,0.003501886036247015,0.03495370224118233,0.025819549337029457,0.04408784955739975,0.0,0.9517363905906677,0.8557671904563904
56,11399,,,,,,,,,,,,,,0.22663240134716034,0.0,0.1182163804769516,0.0,252.0548858642578,0.003882968332618475,0.002978123491629958,0.04352043196558952,0.04726165905594826,0.039779242128133774,0.0,0.8384575843811035,0.8752377033233643,,,,,,,,,,,,,
57,11599,,,,,,,,,,,,,,,,,,,,,,,,,,,0.23450185358524323,0.0,0.12870392203330994,0.0,3848.34912109375,0.001401191926561296,0.002700024750083685,0.033687375485897064,0.02826310321688652,0.0391116626560688,0.0,0.9437555074691772,0.8891107439994812
57,11599,,,,,,,,,,,,,,0.2326369732618332,0.0,0.11215873062610626,0.0,250.9581298828125,0.003921974450349808,0.0029524455312639475,0.0435885488986969,0.04770764708518982,0.039469439536333084,0.0,0.8365612626075745,0.8759623765945435,,,,,,,,,,,,,
58,11799,,,,,,,,,,,,,,,,,,,,,,,,,,,0.24208104610443115,0.0,0.12201209366321564,0.0,3703.663818359375,0.0011672575492411852,0.00252630771137774,0.0316196009516716,0.02557380497455597,0.03766539320349693,0.0,0.9511367678642273,0.8947694897651672
58,11799,,,,,,,,,,,,,,0.23651088774204254,0.0,0.11889191716909409,0.0,238.59764099121094,0.003823288017883897,0.002858793828636408,0.04311009868979454,0.04720513895153999,0.039015032351017,0.0,0.8405548930168152,0.8801453113555908,,,,,,,,,,,,,
59,11999,,,,,,,,,,,,,,,,,,,,,,,,,,,0.22260768711566925,0.0,0.12931817770004272,0.0,3623.3330078125,0.0014674562262371182,0.002831120975315571,0.03493039309978485,0.029545428231358528,0.040315352380275726,0.0,0.9399109482765198,0.8813498616218567
59,11999,,,,,,,,,,,,,,0.24081093072891235,0.0,0.11187004297971725,0.0,230.4265594482422,0.0035904760006815195,0.0027636438608169556,0.04197988659143448,0.045642029494047165,0.038317762315273285,0.0,0.849869966506958,0.8831313848495483,,,,,,,,,,,,,
60,12199,,,,,,,,,,,,,,,,,,,,,,,,,,,0.2379959672689438,0.0,0.11555483192205429,0.0,3510.043212890625,0.0010690934723243117,0.002507156925275922,0.031736571341753006,0.025227032601833344,0.03824611008167267,0.0,0.956084668636322,0.8959317803382874
60,12199,,,,,,,,,,,,,,0.24555207788944244,0.0,0.11438442021608353,0.0,221.5115966796875,0.0036295352037996054,0.0028896499425172806,0.042555078864097595,0.04595235735177994,0.03915781155228615,0.0,0.849733293056488,0.8782953023910522,,,,,,,,,,,,,
61,12399,,,,,,,,,,,,,,,,,,,,,,,,,,,0.23393231630325317,0.0,0.11539921164512634,0.0,3484.343505859375,0.0013866607332602143,0.0031546151731163263,0.03578575327992439,0.02827591262757778,0.043295592069625854,0.0,0.9416602849960327,0.8669643402099609
61,12399,,,,,,,,,,,,,,0.23766197264194489,0.0,0.11710947751998901,0.0,216.6670379638672,0.0035987168084830046,0.002821992849931121,0.04222571849822998,0.045886460691690445,0.03856496885418892,0.0,0.8501538038253784,0.8814386129379272,,,,,,,,,,,,,
62,12599,,,,,,,,,,,,,,,,,,,,,,,,,,,0.2278490513563156,0.0,0.12538249790668488,0.0,3387.585693359375,0.0012738450895994902,0.002583826193585992,0.03250570595264435,0.02693534456193447,0.03807607293128967,0.0,0.9475211501121521,0.8932380080223083
62,12599,,,,,,,,,,,,,,0.2391161322593689,0.0,0.11434932798147202,0.0,221.3403778076172,0.0036000048276036978,0.002813588362187147,0.04213578626513481,0.04581809043884277,0.038453515619039536,0.0,0.8507922887802124,0.8828937411308289,,,,,,,,,,,,,
63,12799,,,,,,,,,,,,,,,,,,,,,,,,,,,0.2521016299724579,0.0,0.08927304297685623,0.0,3376.616943359375,0.0013699904084205627,0.0026975988876074553,0.03416186198592186,0.02823587693274021,0.040087852627038956,0.0,0.9448633790016174,0.8893135786056519
63,12799,,,,,,,,,,,,,,0.24511022865772247,0.0,0.11482508480548859,0.0,210.9878692626953,0.003500618040561676,0.002726157195866108,0.04158688709139824,0.04512806236743927,0.038045696914196014,0.0,0.8544520735740662,0.8851878643035889,,,,,,,,,,,,,
64,12999,,,,,,,,,,,,,,,,,,,,,,,,,,,0.23433242738246918,0.0,0.12259197980165482,0.0,3191.36865234375,0.0013114068424329162,0.0027427866589277983,0.033546894788742065,0.027554744854569435,0.03953905403614044,0.0,0.9461094737052917,0.8847159743309021
64,12999,,,,,,,,,,,,,,0.2462444305419922,0.0,0.11968642473220825,0.0,213.64959716796875,0.0034406192135065794,0.0026654889807105064,0.04112960770726204,0.0448017343878746,0.03745746240019798,0.0,0.8567057847976685,0.8881719708442688,,,,,,,,,,,,,
65,13199,,,,,,,,,,,,,,,,,,,,,,,,,,,0.24888738989830017,0.0,0.11572768539190292,0.0,3130.460693359375,0.0013529127463698387,0.0024302529636770487,0.03295373544096947,0.02792258933186531,0.03798488527536392,0.0,0.9448096752166748,0.8993280529975891
65,13199,,,,,,,,,,,,,,0.2511386573314667,0.0,0.11201134324073792,0.0,204.46551513671875,0.003500477410852909,0.0027014899533241987,0.041341155767440796,0.04498245194554329,0.037699826061725616,0.0,0.8538849353790283,0.8862768411636353,,,,,,,,,,,,,
66,13399,,,,,,,,,,,,,,,,,,,,,,,,,,,0.231251522898674,0.0,0.10336117446422577,0.0,3020.853759765625,0.001111194840632379,0.002119062002748251,0.03039570339024067,0.025482069700956345,0.0353093296289444,0.0,0.9551897644996643,0.913123369216919
66,13399,,,,,,,,,,,,,,0.24244916439056396,0.0,0.11409205198287964,0.0,201.0376434326172,0.0033655106090009212,0.0026189065538346767,0.0408012755215168,0.04426254332065582,0.03734000772237778,0.0,0.8600843548774719,0.8902587890625,,,,,,,,,,,,,
67,13599,,,,,,,,,,,,,,,,,,,,,,,,,,,0.23882022500038147,0.0,0.11615613102912903,0.0,2919.63623046875,0.0010055440943688154,0.0024642429780215025,0.030879700556397438,0.02431168593466282,0.037447717040777206,0.0,0.9588486552238464,0.8984530568122864
67,13599,,,,,,,,,,,,,,0.24575957655906677,0.0,0.11597447097301483,0.0,196.04908752441406,0.003406521864235401,0.0027170998509973288,0.041020702570676804,0.0444520004093647,0.03758938983082771,0.0,0.8575317859649658,0.8858801126480103,,,,,,,,,,,,,
68,13799,,,,,,,,,,,,,,,,,,,,,,,,,,,0.23818159103393555,0.0,0.11651656031608582,0.0,2817.448974609375,0.0010497750481590629,0.002489440841600299,0.031632199883461,0.025308677926659584,0.037955719977617264,0.0,0.9570680856704712,0.8946677446365356
68,13799,,,,,,,,,,,,,,0.24865996837615967,0.0,0.11785320937633514,0.0,200.27713012695312,0.003335409564897418,0.0026442930102348328,0.040557194501161575,0.0438055619597435,0.037308815866708755,0.0,0.8615396022796631,0.8883531093597412,,,,,,,,,,,,,
69,13999,,,,,,,,,,,,,,,,,,,,,,,,,,,0.26144537329673767,0.0,0.12183243036270142,0.0,2695.741455078125,0.0009948175866156816,0.0023150737397372723,0.030245693400502205,0.023996548727154732,0.03649482876062393,0.0,0.9583110809326172,0.9014387726783752
69,13999,,,,,,,,,,,,,,0.2545830309391022,0.0,0.11539492756128311,0.0,186.51388549804688,0.0032929929438978434,0.0023928293958306313,0.03965351730585098,0.04362232983112335,0.035684674978256226,0.0,0.8624073266983032,0.8994552493095398,,,,,,,,,,,,,
70,14199,,,,,,,,,,,,,,,,,,,,,,,,,,,0.2318795621395111,0.0,0.13271063566207886,0.0,2579.14599609375,0.0011146690230816603,0.0024450651835650206,0.0317804291844368,0.02561437338590622,0.03794650360941887,0.0,0.9548817276954651,0.899524450302124
70,14199,,,,,,,,,,,,,,0.2564866542816162,0.0,0.11643561720848083,0.0,180.9473114013672,0.003274846589192748,0.002508292905986309,0.039902497082948685,0.04341176897287369,0.03639323636889458,0.0,0.8630176782608032,0.8943540453910828,,,,,,,,,,,,,
71,14399,,,,,,,,,,,,,,,,,,,,,,,,,,,0.24576829373836517,0.0,0.12287566065788269,0.0,2534.720947265625,0.0010521836811676621,0.002320539206266403,0.030214613303542137,0.024136988446116447,0.03629223257303238,0.0,0.9570053815841675,0.9037293791770935
71,14399,,,,,,,,,,,,,,0.24218390882015228,0.0,0.11865809559822083,0.0,174.27439880371094,0.003221969585865736,0.0024613086134195328,0.03950413316488266,0.04302196204662323,0.03598627820611,0.0,0.8660444617271423,0.8971601128578186,,,,,,,,,,,,,
72,14599,,,,,,,,,,,,,,,,,,,,,,,,,,,0.25575852394104004,0.0,0.10430798679590225,0.0,2497.1435546875,0.0011524000437930226,0.002513401908800006,0.03200903907418251,0.025493066757917404,0.03852500766515732,0.0,0.9516547918319702,0.8940631747245789
72,14599,,,,,,,,,,,,,,0.2656565010547638,0.0,0.1147390827536583,0.0,170.95005798339844,0.0031838309951126575,0.0023668233770877123,0.03921722620725632,0.042930345982313156,0.03550408408045769,0.0,0.8677654266357422,0.900169312953949,,,,,,,,,,,,,
73,14799,,,,,,,,,,,,,,,,,,,,,,,,,,,0.2585936486721039,0.0,0.11200689524412155,0.0,2384.441650390625,0.0010023495415225625,0.0021104556508362293,0.02905278280377388,0.023635001853108406,0.0344705730676651,0.0,0.9590633511543274,0.9137267470359802
73,14799,,,,,,,,,,,,,,0.2560585141181946,0.0,0.11276327073574066,0.0,166.60498046875,0.00313381920568645,0.002426634542644024,0.03908228874206543,0.04258814454078674,0.035576432943344116,0.0,0.8696333169937134,0.8983995914459229,,,,,,,,,,,,,
74,14999,,,,,,,,,,,,,,,,,,,,,,,,,,,0.25727578997612,0.0,0.11764802783727646,0.0,2326.533935546875,0.0011350649874657393,0.002233226550742984,0.030926523730158806,0.025629108771681786,0.03622393310070038,0.0,0.9530081152915955,0.9072300791740417
74,14999,,,,,,,,,,,,,,0.2630002796649933,0.0,0.11588706076145172,0.0,161.56643676757812,0.003105645999312401,0.0023823389783501625,0.038895029574632645,0.04233061149716377,0.03545944765210152,0.0,0.8705651760101318,0.8995110392570496,,,,,,,,,,,,,
75,15199,,,,,,,,,,,,,,,,,,,,,,,,,,,0.26110076904296875,0.0,0.12129125744104385,0.0,2280.062255859375,0.0010142989922314882,0.002260730601847172,0.030517593026161194,0.02417236752808094,0.036862812936306,0.0,0.9588778614997864,0.9065513610839844
75,15199,,,,,,,,,,,,,,0.2597538232803345,0.0,0.11741794645786285,0.0,159.31610107421875,0.0030093444511294365,0.00235205446369946,0.03840158134698868,0.041594699025154114,0.035208459943532944,0.0,0.8742874264717102,0.9011105298995972,,,,,,,,,,,,,
76,15399,,,,,,,,,,,,,,,,,,,,,,,,,,,0.2457873374223709,0.0,0.12095645070075989,0.0,2183.926025390625,0.0010815515415742993,0.002076362259685993,0.029960237443447113,0.02494492381811142,0.03497554734349251,0.0,0.9556893110275269,0.9135069847106934
76,15399,,,,,,,,,,,,,,0.25260263681411743,0.0,0.12229429930448532,0.0,154.3063201904297,0.0031549588311463594,0.0023390420246869326,0.03889543190598488,0.04266909137368202,0.03512174263596535,0.0,0.8692654371261597,0.9017735123634338,,,,,,,,,,,,,
77,15599,,,,,,,,,,,,,,,,,,,,,,,,,,,0.23905472457408905,0.0,0.10743863880634308,0.0,2235.186767578125,0.0009416060638613999,0.002492201514542103,0.03073788248002529,0.023140480741858482,0.038335274904966354,0.0,0.9609848856925964,0.8946560621261597
77,15599,,,,,,,,,,,,,,0.2516214847564697,0.0,0.1188017725944519,0.0,148.29933166503906,0.0030995779670774937,0.0024296629708260298,0.038870204240083694,0.04213102161884308,0.03560938313603401,0.0,0.8714419603347778,0.8979547023773193,,,,,,,,,,,,,
78,15799,,,,,,,,,,,,,,,,,,,,,,,,,,,0.23914243280887604,0.0,0.10792882740497589,0.0,2124.82568359375,0.0011183340102434158,0.002211660845205188,0.030874429270625114,0.025539403781294823,0.03620944917201996,0.0,0.9541197419166565,0.9074935913085938
78,15799,,,,,,,,,,,,,,0.25889140367507935,0.0,0.11385077238082886,0.0,146.76153564453125,0.0030891546048223972,0.0023028238210827112,0.03857378661632538,0.04233817011117935,0.034809425473213196,0.0,0.8712139129638672,0.9032767415046692,,,,,,,,,,,,,
79,15999,,,,,,,,,,,,,,,,,,,,,,,,,,,0.24342603981494904,0.0,0.09798847883939743,0.0,2186.4267578125,0.0008286482188850641,0.001972836907953024,0.02877483330667019,0.022047214210033417,0.03550247102975845,0.0,0.9662876129150391,0.9194199442863464
79,15999,,,,,,,,,,,,,,0.25875625014305115,0.0,0.11845949292182922,0.0,143.1566925048828,0.0030416736844927073,0.002336397534236312,0.03837500885128975,0.04161953553557396,0.035130467265844345,0.0,0.8731342554092407,0.901974081993103,,,,,,,,,,,,,
80,16199,,,,,,,,,,,,,,,,,,,,,,,,,,,0.2543445825576782,0.0,0.1320979744195938,0.0,2394.239013671875,0.0009449717472307384,0.0020691845566034317,0.02909473143517971,0.02330094389617443,0.03488851711153984,0.0,0.9619636535644531,0.9149671196937561
80,16199,,,,,,,,,,,,,,0.25933656096458435,0.0,0.11634254455566406,0.0,142.947265625,0.0029662284068763256,0.0022496411111205816,0.037853848189115524,0.041405290365219116,0.03430242836475372,0.0,0.8760560750961304,0.9053481221199036,,,,,,,,,,,,,
81,16399,,,,,,,,,,,,,,,,,,,,,,,,,,,0.2533075511455536,0.0,0.12237846106290817,0.0,2440.62841796875,0.000892843003384769,0.0018877170514315367,0.02797197364270687,0.022430557757616043,0.0335133895277977,0.0,0.9639633893966675,0.9222209453582764
81,16399,,,,,,,,,,,,,,0.2634972333908081,0.0,0.11977008730173111,0.0,147.67991638183594,0.002998705254867673,0.0022263263817876577,0.03775312006473541,0.04147673770785332,0.03402949497103691,0.0,0.8757395148277283,0.906801164150238,,,,,,,,,,,,,
82,16599,,,,,,,,,,,,,,,,,,,,,,,,,,,0.26138001680374146,0.0,0.10951840132474899,0.0,1894.5819091796875,0.0009645029786042869,0.001912865205667913,0.02872193045914173,0.023761892691254616,0.033681973814964294,0.0,0.9601421356201172,0.9198353290557861
82,16599,,,,,,,,,,,,,,0.26646125316619873,0.0,0.12030748277902603,0.0,157.00048828125,0.002973297843709588,0.0021872331853955984,0.037734318524599075,0.04149481654167175,0.033973801881074905,0.0,0.8766236901283264,0.908132016658783,,,,,,,,,,,,,
83,16799,,,,,,,,,,,,,,,,,,,,,,,,,,,0.25286781787872314,0.0,0.12594421207904816,0.0,1749.2003173828125,0.0010377374710515141,0.002179077360779047,0.030267369002103806,0.0245500635355711,0.035984672605991364,0.0,0.9572186470031738,0.9086546897888184
83,16799,,,,,,,,,,,,,,0.2640058696269989,0.0,0.11521881073713303,0.0,124.89160919189453,0.003008844330906868,0.0022063544020056725,0.037686336785554886,0.04140503704547882,0.033967629075050354,0.0,0.875521719455719,0.9076405167579651,,,,,,,,,,,,,
84,16999,,,,,,,,,,,,,,,,,,,,,,,,,,,0.2492004930973053,0.0,0.10022696852684021,0.0,1497.10400390625,0.0008682074258103967,0.0020301579497754574,0.028630072250962257,0.022133156657218933,0.03512699902057648,0.0,0.9645012021064758,0.915449321269989
84,16999,,,,,,,,,,,,,,0.2583400011062622,0.0,0.12050457298755646,0.0,126.54461669921875,0.0030835801735520363,0.002128740306943655,0.0377909317612648,0.04214106500148773,0.03344081714749336,0.0,0.8711119890213013,0.9105691313743591,,,,,,,,,,,,,
85,17199,,,,,,,,,,,,,,,,,,,,,,,,,,,0.2531577944755554,0.0,0.11700114607810974,0.0,1357.21484375,0.0009892063681036234,0.002039146376773715,0.02993900142610073,0.024170659482479095,0.035707343369722366,0.0,0.9596386551856995,0.9150022864341736
85,17199,,,,,,,,,,,,,,0.2673247158527374,0.0,0.11988098174333572,0.0,112.50983428955078,0.0029288181103765965,0.002136705908924341,0.03726344183087349,0.04103761166334152,0.03348926827311516,0.0,0.8782000541687012,0.910166323184967,,,,,,,,,,,,,
86,17399,,,,,,,,,,,,,,,,,,,,,,,,,,,0.26148852705955505,0.0,0.1167895719408989,0.0,1270.5465087890625,0.0009553712443448603,0.001947494107298553,0.028766021132469177,0.023458346724510193,0.03407370299100876,0.0,0.9607588052749634,0.9189602732658386
86,17399,,,,,,,,,,,,,,0.2628425359725952,0.0,0.11942704021930695,0.0,97.23310852050781,0.0028613244649022818,0.002147596562281251,0.037103086709976196,0.040646180510520935,0.03355996310710907,0.0,0.8809377551078796,0.9102075099945068,,,,,,,,,,,,,
87,17599,,,,,,,,,,,,,,,,,,,,,,,,,,,0.2602250277996063,0.0,0.11117443442344666,0.0,1128.0693359375,0.0009910354856401682,0.0021283156238496304,0.030204186215996742,0.024088086560368538,0.0363202765583992,0.0,0.9586411118507385,0.9105222821235657
87,17599,,,,,,,,,,,,,,0.265585720539093,0.0,0.11937825381755829,0.0,89.91641235351562,0.002899712882936001,0.0021698465570807457,0.03718288242816925,0.04079804942011833,0.03356769680976868,0.0,0.8789219856262207,0.9082440137863159,,,,,,,,,,,,,
88,17799,,,,,,,,,,,,,,,,,,,,,,,,,,,0.2519354522228241,0.0,0.10593853890895844,0.0,1060.48291015625,0.0010381259489804506,0.0022430617827922106,0.030171703547239304,0.024474799633026123,0.03586859628558159,0.0,0.9571407437324524,0.906582772731781
88,17799,,,,,,,,,,,,,,0.2723025679588318,0.0,0.11746465414762497,0.0,83.8069839477539,0.002914093667641282,0.0021317461505532265,0.03730445355176926,0.041120585054159164,0.033488333225250244,0.0,0.8780136704444885,0.9107731580734253,,,,,,,,,,,,,
89,17999,,,,,,,,,,,,,,,,,,,,,,,,,,,0.26027894020080566,0.0,0.10107313096523285,0.0,970.9124755859375,0.000934672134462744,0.0021888285409659147,0.02988314814865589,0.023139163851737976,0.03662713244557381,0.0,0.9611162543296814,0.90826016664505
89,17999,,,,,,,,,,,,,,0.2638472020626068,0.0,0.11575187742710114,0.0,73.3374252319336,0.0028395226690918207,0.0022134382743388414,0.03719426691532135,0.04046310484409332,0.033925432711839676,0.0,0.8816819190979004,0.9071412086486816,,,,,,,,,,,,,
90,18199,,,,,,,,,,,,,,,,,,,,,,,,,,,0.2454291135072708,0.0,0.10942643135786057,0.0,910.524169921875,0.001128822099417448,0.0023159238044172525,0.03173888847231865,0.025800559669733047,0.03767721354961395,0.0,0.9537007212638855,0.9037196636199951
90,18199,,,,,,,,,,,,,,0.26743775606155396,0.0,0.11501381546258926,0.0,67.4859619140625,0.002755099907517433,0.0021206140518188477,0.03675246611237526,0.04003647714853287,0.033468447625637054,0.0,0.8845615386962891,0.9107440114021301,,,,,,,,,,,,,
91,18399,,,,,,,,,,,,,,,,,,,,,,,,,,,0.2537189722061157,0.0,0.12319114059209824,0.0,855.0777587890625,0.0009224180830642581,0.002031703945249319,0.028942842036485672,0.023014845326542854,0.034870829433202744,0.0,0.9621779918670654,0.9150107502937317
91,18399,,,,,,,,,,,,,,0.2580605745315552,0.0,0.11543083190917969,0.0,61.919166564941406,0.0028070874977856874,0.0021225831005722284,0.036863118410110474,0.0402408130466938,0.03348538652062416,0.0,0.8828481435775757,0.9105666875839233,,,,,,,,,,,,,
92,18599,,,,,,,,,,,,,,,,,,,,,,,,,,,0.2636873424053192,0.0,0.11366469413042068,0.0,795.10888671875,0.0008861271198838949,0.0022680943366140127,0.02959291636943817,0.022611623629927635,0.03657421097159386,0.0,0.9638740420341492,0.9062590599060059
92,18599,,,,,,,,,,,,,,0.270009845495224,0.0,0.11860983818769455,0.0,63.960853576660156,0.002700166078284383,0.0020693775732070208,0.03613249212503433,0.03929189592599869,0.032973065972328186,0.0,0.8876108527183533,0.9129813313484192,,,,,,,,,,,,,
93,18799,,,,,,,,,,,,,,,,,,,,,,,,,,,0.2597160041332245,0.0,0.09722870588302612,0.0,730.8800659179688,0.0009003581362776458,0.0020435447804629803,0.029714660719037056,0.023372948169708252,0.036056384444236755,0.0,0.9627355933189392,0.9135790467262268
93,18799,,,,,,,,,,,,,,0.2692669630050659,0.0,0.11822202801704407,0.0,60.0086555480957,0.002767331898212433,0.0021452507935464382,0.03668542951345444,0.039755724370479584,0.033615123480558395,0.0,0.8842029571533203,0.9091759324073792,,,,,,,,,,,,,
94,18999,,,,,,,,,,,,,,,,,,,,,,,,,,,0.26836153864860535,0.0,0.10917804390192032,0.0,677.77099609375,0.0008518311660736799,0.0017944235587492585,0.027647804468870163,0.02217993326485157,0.03311567381024361,0.0,0.9650269150733948,0.9256811738014221
94,18999,,,,,,,,,,,,,,0.26964446902275085,0.0,0.11706917732954025,0.0,57.75144577026367,0.0027882528956979513,0.0020182013977319,0.03632878512144089,0.04004315286874771,0.032614439725875854,0.0,0.8836244344711304,0.9151378870010376,,,,,,,,,,,,,
95,19199,,,,,,,,,,,,,,,,,,,,,,,,,,,0.2642142176628113,0.0,0.12155666947364807,0.0,623.26953125,0.000944378087297082,0.0019858977757394314,0.02869858592748642,0.023044103756546974,0.03435307368636131,0.0,0.9619053602218628,0.9175553917884827
95,19199,,,,,,,,,,,,,,0.27442681789398193,0.0,0.11921784281730652,0.0,48.472190856933594,0.0028444041963666677,0.0020279227755963802,0.036519717425107956,0.04036296531558037,0.032676469534635544,0.0,0.8816053867340088,0.9146084785461426,,,,,,,,,,,,,
96,19399,,,,,,,,,,,,,,,,,,,,,,,,,,,0.2531002163887024,0.0,0.10660330951213837,0.0,577.1607666015625,0.0008908736053854227,0.0019333017989993095,0.02857423759996891,0.0228824932128191,0.03426600247621536,0.0,0.963336169719696,0.91972815990448
96,19399,,,,,,,,,,,,,,0.2616231143474579,0.0,0.1191384345293045,0.0,45.539005279541016,0.0027794642373919487,0.0020719077438116074,0.036499034613370895,0.04009042680263519,0.032907627522945404,0.0,0.8842971920967102,0.9132534861564636,,,,,,,,,,,,,
97,19599,,,,,,,,,,,,,,,,,,,,,,,,,,,0.26353344321250916,0.0,0.1306990087032318,0.0,539.2337646484375,0.0011799490312114358,0.002564889146015048,0.03249792382121086,0.02606799639761448,0.03892785310745239,0.0,0.9523874521255493,0.8929421901702881
97,19599,,,,,,,,,,,,,,0.2672957479953766,0.0,0.12046688795089722,0.0,41.9013557434082,0.0028174661565572023,0.0020258885342627764,0.03638226166367531,0.040216874331235886,0.03254765272140503,0.0,0.882213294506073,0.9147845506668091,,,,,,,,,,,,,
98,19799,,,,,,,,,,,,,,,,,,,,,,,,,,,0.26036158204078674,0.0,0.09804154187440872,0.0,491.68609619140625,0.0008535846136510372,0.0019719740375876427,0.02888774313032627,0.022477243095636368,0.035298239439725876,0.0,0.9651628136634827,0.9186127185821533
98,19799,,,,,,,,,,,,,,0.2670057415962219,0.0,0.11875107884407043,0.0,43.449485778808594,0.002787848701700568,0.0020158414263278246,0.03619058057665825,0.03975730761885643,0.032623883336782455,0.0,0.8836625814437866,0.9158104062080383,,,,,,,,,,,,,
99,19999,,,,,,,,,,,,,,,,,,,,,,,,,,,0.26580703258514404,0.0,0.10238891839981079,0.0,445.2846374511719,0.0010626743314787745,0.0022715481463819742,0.03157300502061844,0.02527575008571148,0.037870265543460846,0.0,0.9562527537345886,0.9040382504463196
99,19999,,,,,,,,,,,,,,0.26402005553245544,0.0,0.11880841106176376,0.0,36.97966384887695,0.0027397286612540483,0.0020268303342163563,0.03605487570166588,0.03961922228336334,0.03249051794409752,0.0,0.88637375831604,0.9149946570396423,,,,,,,,,,,,,
100,20199,,,,,,,,,,,,,,,,,,,,,,,,,,,0.2799544334411621,0.0,0.11979921162128448,0.0,408.4371337890625,0.0008393661119043827,0.0018376202788203955,0.02750488929450512,0.021707747131586075,0.03330203518271446,0.0,0.9651119112968445,0.9228310585021973
100,20199,,,,,,,,,,,,,,0.2695951759815216,0.0,0.12032240629196167,0.0,33.35325622558594,0.0026500956155359745,0.0019828074146062136,0.03566286712884903,0.03901170566678047,0.03231401741504669,0.0,0.8900585770606995,0.9165715575218201,,,,,,,,,,,,,
101,20399,,,,,,,,,,,,,,,,,,,,,,,,,,,0.2581823170185089,0.0,0.11499286442995071,0.0,366.4705505371094,0.0008396521443501115,0.0018448668997734785,0.02804323472082615,0.022309966385364532,0.03377649933099747,0.0,0.9656823873519897,0.9238349795341492
101,20399,,,,,,,,,,,,,,0.2803683578968048,0.0,0.11754339188337326,0.0,33.383235931396484,0.002752942033112049,0.0020745261572301388,0.03639203682541847,0.03977424278855324,0.03300983086228371,0.0,0.8848539590835571,0.9126646518707275,,,,,,,,,,,,,
102,20599,,,,,,,,,,,,,,,,,,,,,,,,,,,0.2430378794670105,0.0,0.1354207992553711,0.0,332.82489013671875,0.0010427122469991446,0.0021496836561709642,0.030190790072083473,0.024538900703191757,0.03584269806742668,0.0,0.9572505354881287,0.9108180403709412
102,20599,,,,,,,,,,,,,,0.27187037467956543,0.0,0.1207694411277771,0.0,27.051435470581055,0.002682608086615801,0.0019612375181168318,0.03567972779273987,0.03927692770957947,0.03208255395293236,0.0,0.8879086375236511,0.9175300598144531,,,,,,,,,,,,,
103,20799,,,,,,,,,,,,,,,,,,,,,,,,,,,0.2616974711418152,0.0,0.11607496440410614,0.0,299.7314453125,0.000839579151943326,0.0017673091497272253,0.02733570896089077,0.022132959216833115,0.032538462430238724,0.0,0.9654859900474548,0.9266918301582336
103,20799,,,,,,,,,,,,,,0.26921549439430237,0.0,0.12178415060043335,0.0,26.70850372314453,0.002724365796893835,0.0019245307194069028,0.03579995781183243,0.039565544575452805,0.03203437104821205,0.0,0.8863476514816284,0.919175386428833,,,,,,,,,,,,,
104,20999,,,,,,,,,,,,,,,,,,,,,,,,,,,0.26834431290626526,0.0,0.09680778533220291,0.0,267.594482421875,0.0008541829884052277,0.0018898494308814406,0.02853970043361187,0.022476177662611008,0.03460323065519333,0.0,0.9650956988334656,0.9225494265556335
104,20999,,,,,,,,,,,,,,0.26253315806388855,0.0,0.11755029857158661,0.0,25.0905704498291,0.0027183545753359795,0.0019581150263547897,0.03572338446974754,0.03949279710650444,0.031953975558280945,0.0,0.8861956596374512,0.9175963401794434,,,,,,,,,,,,,
105,21199,,,,,,,,,,,,,,,,,,,,,,,,,,,0.26720118522644043,0.0,0.12197615951299667,0.0,238.99057006835938,0.0010298340348526835,0.0021059163846075535,0.030565764755010605,0.02460359036922455,0.03652793541550636,0.0,0.957985520362854,0.9120128750801086
105,21199,,,,,,,,,,,,,,0.2684894800186157,0.0,0.11885018646717072,0.0,20.714746475219727,0.002716305898502469,0.001957131549715996,0.03568059951066971,0.039430905133485794,0.03193027526140213,0.0,0.8865947723388672,0.9181027412414551,,,,,,,,,,,,,
106,21399,,,,,,,,,,,,,,,,,,,,,,,,,,,0.2831870913505554,0.0,0.10979052633047104,0.0,211.7845458984375,0.0008686404908075929,0.0017980288248509169,0.02730209194123745,0.02223771996796131,0.03236645460128784,0.0,0.9651156067848206,0.9259350299835205
106,21399,,,,,,,,,,,,,,0.26973479986190796,0.0,0.12031527608633041,0.0,20.182985305786133,0.0026556469965726137,0.0019256595987826586,0.03537850081920624,0.0390172116458416,0.031739797443151474,0.0,0.8898250460624695,0.9195300340652466,,,,,,,,,,,,,
107,21599,,,,,,,,,,,,,,,,,,,,,,,,,,,0.26647791266441345,0.0,0.11314449459314346,0.0,186.27456665039062,0.0009096036083064973,0.002291956217959523,0.030697450041770935,0.023332180455327034,0.03806272894144058,0.0,0.9630927443504333,0.9048429727554321
107,21599,,,,,,,,,,,,,,0.26984280347824097,0.0,0.11931183934211731,0.0,16.034297943115234,0.002613000338897109,0.002022515283897519,0.03548996150493622,0.03862295672297478,0.03235694766044617,0.0,0.8908783793449402,0.9155649542808533,,,,,,,,,,,,,
108,21799,,,,,,,,,,,,,,,,,,,,,,,,,,,0.2582375407218933,0.0,0.10658226907253265,0.0,163.45176696777344,0.001023540855385363,0.00207716366276145,0.03034236468374729,0.024421656504273415,0.03626308590173721,0.0,0.958153486251831,0.913303554058075
108,21799,,,,,,,,,,,,,,0.2730938196182251,0.0,0.11649753898382187,0.0,14.550236701965332,0.0026237654965370893,0.0019429848762229085,0.035315610468387604,0.03878311067819595,0.03184811398386955,0.0,0.890458881855011,0.9178744554519653,,,,,,,,,,,,,
109,21999,,,,,,,,,,,,,,,,,,,,,,,,,,,0.2596932649612427,0.0,0.11737997829914093,0.0,141.30230712890625,0.0010236171074211597,0.0019058852922171354,0.029356617480516434,0.02428060583770275,0.034432634711265564,0.0,0.9574268460273743,0.920197606086731
109,21999,,,,,,,,,,,,,,0.2760336697101593,0.0,0.11994566768407822,0.0,13.99945068359375,0.0026306489016860723,0.0020022967364639044,0.03544003888964653,0.038661353290081024,0.03221869841217995,0.0,0.8907889723777771,0.9162514209747314,,,,,,,,,,,,,
110,22199,,,,,,,,,,,,,,,,,,,,,,,,,,,0.26321160793304443,0.0,0.12304524332284927,0.0,123.40181732177734,0.0008838040521368384,0.002158281859010458,0.029943270608782768,0.023030037060379982,0.036856502294540405,0.0,0.9637706279754639,0.9093151688575745
110,22199,,,,,,,,,,,,,,0.2669811546802521,0.0,0.12076261639595032,0.0,11.027841567993164,0.0025700361002236605,0.0019206046126782894,0.03501294553279877,0.038406189531087875,0.03161969780921936,0.0,0.893351674079895,0.9190512895584106,,,,,,,,,,,,,
111,22399,,,,,,,,,,,,,,,,,,,,,,,,,,,0.27241250872612,0.0,0.10883378982543945,0.0,108.74773406982422,0.0009028831264004111,0.0019138907082378864,0.028466150164604187,0.022490017116069794,0.03444228321313858,0.0,0.9629305005073547,0.9200451374053955
111,22399,,,,,,,,,,,,,,0.2842055857181549,0.0,0.12254877388477325,0.0,9.276398658752441,0.0026290372479707003,0.001893037697300315,0.03513743728399277,0.038710545748472214,0.031564321368932724,0.0,0.8905543684959412,0.9208163619041443,,,,,,,,,,,,,
112,22599,,,,,,,,,,,,,,,,,,,,,,,,,,,0.2513040006160736,0.0,0.11471837013959885,0.0,92.60924530029297,0.0010471588466316462,0.002167744794860482,0.029939549043774605,0.024342911317944527,0.03553617745637894,0.0,0.956754744052887,0.9096093773841858
112,22599,,,,,,,,,,,,,,0.27529385685920715,0.0,0.11892257630825043,0.0,8.612809181213379,0.0026087623555213213,0.0019710934720933437,0.03531348332762718,0.03841187059879303,0.03221507743000984,0.0,0.8915327191352844,0.9173204898834229,,,,,,,,,,,,,
113,22799,,,,,,,,,,,,,,,,,,,,,,,,,,,0.27417293190956116,0.0,0.09751724451780319,0.0,77.74601745605469,0.000951358990278095,0.002023730194196105,0.0300286915153265,0.02395048178732395,0.03610691800713539,0.0,0.961913526058197,0.9165467023849487
113,22799,,,,,,,,,,,,,,0.2722245752811432,0.0,0.11753035336732864,0.0,7.337400913238525,0.002517865039408207,0.001936994376592338,0.03494267910718918,0.03821105137467384,0.03167429566383362,0.0,0.8952492475509644,0.9185550212860107,,,,,,,,,,,,,
114,22999,,,,,,,,,,,,,,,,,,,,,,,,,,,0.25300872325897217,0.0,0.11281555145978928,0.0,67.36392974853516,0.0010010901605710387,0.002162409480661154,0.030224664136767387,0.023875923827290535,0.03657340630888939,0.0,0.9593058228492737,0.909269392490387
114,22999,,,,,,,,,,,,,,0.27940258383750916,0.0,0.11584381014108658,0.0,5.840667247772217,0.002623978303745389,0.0018908856436610222,0.03517046570777893,0.03885932266712189,0.03148159012198448,0.0,0.8900059461593628,0.9207403063774109,,,,,,,,,,,,,
115,23199,,,,,,,,,,,,,,,,,,,,,,,,,,,0.26030847430229187,0.0,0.10128293186426163,0.0,56.806209564208984,0.0008648907532915473,0.001944186631590128,0.02831399440765381,0.022215794771909714,0.03441217914223671,0.0,0.9645407795906067,0.9188769459724426
115,23199,,,,,,,,,,,,,,0.27283602952957153,0.0,0.11792837083339691,0.0,5.184356689453125,0.0025990253780037165,0.0019086780957877636,0.03502989187836647,0.038557566702365875,0.031502172350883484,0.0,0.8917271494865417,0.9203794598579407,,,,,,,,,,,,,
116,23399,,,,,,,,,,,,,,,,,,,,,,,,,,,0.2633681297302246,0.0,0.11819584667682648,0.0,47.509605407714844,0.0008772911387495697,0.001764837303198874,0.02749818004667759,0.022559935227036476,0.03243642300367355,0.0,0.9636687636375427,0.9258716106414795
116,23399,,,,,,,,,,,,,,0.2734330892562866,0.0,0.11868354678153992,0.0,4.454653739929199,0.002645273692905903,0.0018247446278110147,0.03490551561117172,0.03886498510837555,0.030946047976613045,0.0,0.8894965648651123,0.9236419200897217,,,,,,,,,,,,,
117,23599,,,,,,,,,,,,,,,,,,,,,,,,,,,0.2778986990451813,0.0,0.11216333508491516,0.0,39.45359802246094,0.0009116494911722839,0.0019282768480479717,0.028507161885499954,0.022859761491417885,0.034154556691646576,0.0,0.9623857736587524,0.9197614192962646
117,23599,,,,,,,,,,,,,,0.27042901515960693,0.0,0.11520246416330338,0.0,3.637532949447632,0.0025380048900842667,0.001981723355129361,0.035177312791347504,0.03837084397673607,0.03198382258415222,0.0,0.8943678140640259,0.9170979857444763,,,,,,,,,,,,,
118,23799,,,,,,,,,,,,,,,,,,,,,,,,,,,0.2616126537322998,0.0,0.1205737516283989,0.0,32.081539154052734,0.0009018954588100314,0.0019142208620905876,0.027736149728298187,0.02213694155216217,0.03333535045385361,0.0,0.9622622728347778,0.9195047616958618
118,23799,,,,,,,,,,,,,,0.27164530754089355,0.0,0.11680089682340622,0.0,3.1103453636169434,0.002535106148570776,0.0018758325604721904,0.03471650928258896,0.038081828504800797,0.03135119006037712,0.0,0.8942392468452454,0.9214210510253906,,,,,,,,,,,,,
119,23999,,,,,,,,,,,,,,,,,,,,,,,,,,,0.25950318574905396,0.0,0.12081041932106018,0.0,25.857707977294922,0.0008858357323333621,0.002361931139603257,0.03045428730547428,0.02282206527888775,0.03808651119470596,0.0,0.9624549746513367,0.8999513983726501
119,23999,,,,,,,,,,,,,,0.27467018365859985,0.0,0.1206369623541832,0.0,2.5601084232330322,0.002554940292611718,0.001900773961097002,0.03475702553987503,0.03812335804104805,0.03139068931341171,0.0,0.8938757181167603,0.920014500617981,,,,,,,,,,,,,
120,24199,,,,,,,,,,,,,,,,,,,,,,,,,,,0.26486700773239136,0.0,0.1128329336643219,0.0,21.100671768188477,0.0009108320809900761,0.0018910077633336186,0.028493499383330345,0.02249596267938614,0.034491028636693954,0.0,0.961800754070282,0.9208172559738159
120,24199,,,,,,,,,,,,,,0.2674766480922699,0.0,0.11897268891334534,0.0,2.009237766265869,0.0025075161829590797,0.0017965760780498385,0.03413282707333565,0.03759404271841049,0.0306716226041317,0.0,0.8962934613227844,0.924599826335907,,,,,,,,,,,,,
121,24399,,,,,,,,,,,,,,,,,,,,,,,,,,,0.2834526300430298,0.0,0.09749539196491241,0.0,17.366762161254883,0.0008547905599698424,0.0019312009681016207,0.028705639764666557,0.022719407454133034,0.03469188138842583,0.0,0.9653170704841614,0.9201030731201172
121,24399,,,,,,,,,,,,,,0.2779320180416107,0.0,0.1167164146900177,0.0,1.5087416172027588,0.0025000679306685925,0.0017832848243415356,0.03425034135580063,0.037836577743291855,0.030664091929793358,0.0,0.8959106206893921,0.925321102142334,,,,,,,,,,,,,
122,24599,,,,,,,,,,,,,,,,,,,,,,,,,,,0.26401394605636597,0.0,0.093366838991642,0.0,13.84017562866211,0.000837432686239481,0.0018178167520090938,0.028168771415948868,0.022382209077477455,0.03395533934235573,0.0,0.9652191400527954,0.9240297079086304
122,24599,,,,,,,,,,,,,,0.2714742422103882,0.0,0.116566963493824,0.0,1.2324122190475464,0.0024975398555397987,0.0018063546158373356,0.034160345792770386,0.03765764459967613,0.030663056299090385,0.0,0.895020067691803,0.9239142537117004,,,,,,,,,,,,,
123,24799,,,,,,,,,,,,,,,,,,,,,,,,,,,0.2668335437774658,0.0,0.11023864895105362,0.0,11.709423065185547,0.0008863799157552421,0.001869659754447639,0.028110183775424957,0.022514019161462784,0.03370634838938713,0.0,0.9642510414123535,0.9222347736358643
123,24799,,,,,,,,,,,,,,0.272521048784256,0.0,0.11926663666963577,0.0,0.9345765709877014,0.0025386717170476913,0.0018584032077342272,0.034555934369564056,0.03800663352012634,0.03110525570809841,0.0,0.8944780826568604,0.9222460389137268,,,,,,,,,,,,,
124,24999,,,,,,,,,,,,,,,,,,,,,,,,,,,0.26224568486213684,0.0,0.12313052266836166,0.0,9.595187187194824,0.0009495120611973107,0.002339279279112816,0.03111373446881771,0.02392604760825634,0.03830142691731453,0.0,0.9612773060798645,0.9027537703514099
124,24999,,,,,,,,,,,,,,0.26711270213127136,0.0,0.11763517558574677,0.0,0.7819266319274902,0.0025110996793955564,0.0018031797371804714,0.034171272069215775,0.03774726763367653,0.03059525415301323,0.0,0.8952468633651733,0.9243878722190857,,,,,,,,,,,,,
125,25199,,,,,,,,,,,,,,,,,,,,,,,,,,,0.2852672040462494,0.0,0.1031099259853363,0.0,8.179055213928223,0.0007452541030943394,0.0019222142873331904,0.02738533727824688,0.02091909386217594,0.03385158255696297,0.0,0.9694259762763977,0.9206668138504028
125,25199,,,,,,,,,,,,,,0.2807937264442444,0.0,0.1165664941072464,0.0,0.6258305311203003,0.0024425885640084743,0.0017817396437749267,0.033976148813962936,0.03736807778477669,0.030584225431084633,0.0,0.8985192775726318,0.9249338507652283,,,,,,,,,,,,,
126,25399,,,,,,,,,,,,,,,,,,,,,,,,,,,0.2642732858657837,0.0,0.12218596786260605,0.0,6.9858293533325195,0.0008768845582380891,0.001957603031769395,0.028483452275395393,0.022754592821002007,0.03421230986714363,0.0,0.964713454246521,0.9194360375404358
126,25399,,,,,,,,,,,,,,0.28066685795783997,0.0,0.12007611244916916,0.0,0.5302762389183044,0.0024735431652516127,0.0018781616818159819,0.034420885145664215,0.03747586905956268,0.03136591985821724,0.0,0.8965184092521667,0.921104371547699,,,,,,,,,,,,,
127,25599,,,,,,,,,,,,,,,,,,,,,,,,,,,0.26024845242500305,0.0,0.1274864375591278,0.0,5.8018574714660645,0.0009633728768676519,0.0022914221044629812,0.030540287494659424,0.02373308688402176,0.03734748065471649,0.0,0.9605863690376282,0.9044151902198792
127,25599,,,,,,,,,,,,,,0.2723163366317749,0.0,0.11379238963127136,0.0,0.450371652841568,0.0024774365592747927,0.0017951696645468473,0.03399661183357239,0.037406206130981445,0.030586998909711838,0.0,0.8964356780052185,0.924272894859314,,,,,,,,,,,,,
128,25799,,,,,,,,,,,,,,,,,,,,,,,,,,,0.2708212733268738,0.0,0.11272307485342026,0.0,4.894149303436279,0.0008088709437288344,0.0018125964561477304,0.027551626786589622,0.021662166342139244,0.03344108909368515,0.0,0.9667547345161438,0.9242452383041382
128,25799,,,,,,,,,,,,,,0.27746641635894775,0.0,0.12101077288389206,0.0,0.3655891418457031,0.0024001295678317547,0.0018315734341740608,0.034039005637168884,0.03717232868075371,0.030905673280358315,0.0,0.8998429775238037,0.9231521487236023,,,,,,,,,,,,,
129,25999,,,,,,,,,,,,,,,,,,,,,,,,,,,0.2748498022556305,0.0,0.11336126923561096,0.0,4.197723388671875,0.0008931487100198865,0.0021696414332836866,0.030177650973200798,0.022734709084033966,0.03762058913707733,0.0,0.9627946615219116,0.9085494875907898
129,25999,,,,,,,,,,,,,,0.2702789902687073,0.0,0.12097199261188507,0.0,0.31373128294944763,0.002476328983902931,0.001838047755882144,0.03418245166540146,0.03744632378220558,0.03091857209801674,0.0,0.896152675151825,0.9228732585906982,,,,,,,,,,,,,
130,26199,,,,,,,,,,,,,,,,,,,,,,,,,,,0.25967371463775635,0.0,0.10441085696220398,0.0,3.8935587406158447,0.0008524334407411516,0.0021441769786179066,0.029144905507564545,0.02190435864031315,0.036385439336299896,0.0,0.9653770327568054,0.9097976684570312
130,26199,,,,,,,,,,,,,,0.2791309356689453,0.0,0.11848524212837219,0.0,0.2610011100769043,0.0024385417345911264,0.0017858906649053097,0.03392037749290466,0.037190116941928864,0.03065064176917076,0.0,0.8980001211166382,0.9248772263526917,,,,,,,,,,,,,
131,26399,,,,,,,,,,,,,,,,,,,,,,,,,,,0.2626958191394806,0.0,0.1072659119963646,0.0,3.4363174438476562,0.0008492485503666103,0.0020879535004496574,0.02882608026266098,0.022231198847293854,0.035420965403318405,0.0,0.9649829268455505,0.9123741984367371
131,26399,,,,,,,,,,,,,,0.27008333802223206,0.0,0.12305378913879395,0.0,0.24083870649337769,0.0024830575566738844,0.001756330719217658,0.03402494266629219,0.03754853829741478,0.03050134889781475,0.0,0.8964870572090149,0.9259329438209534,,,,,,,,,,,,,
132,26599,,,,,,,,,,,,,,,,,,,,,,,,,,,0.27494239807128906,0.0,0.10337823629379272,0.0,2.965996742248535,0.0008986245957203209,0.0018525426276028156,0.02869134210050106,0.023148009553551674,0.034234680235385895,0.0,0.9623916745185852,0.9221693277359009
132,26599,,,,,,,,,,,,,,0.27392446994781494,0.0,0.12115028500556946,0.0,0.2087998241186142,0.002451770706102252,0.0016994188772514462,0.03366454318165779,0.03737633675336838,0.029952753335237503,0.0,0.8983822464942932,0.9290487170219421,,,,,,,,,,,,,
133,26799,,,,,,,,,,,,,,,,,,,,,,,,,,,0.26455023884773254,0.0,0.12489886581897736,0.0,2.6944656372070312,0.0008657994912937284,0.002105568302795291,0.029059791937470436,0.022334041073918343,0.03578554838895798,0.0,0.9648319482803345,0.9121308922767639
133,26799,,,,,,,,,,,,,,0.2678842842578888,0.0,0.11867428570985794,0.0,0.18555237352848053,0.002449097577482462,0.0018090190133079886,0.03400522097945213,0.03734154999256134,0.030668839812278748,0.0,0.8983330726623535,0.9241201877593994,,,,,,,,,,,,,
134,26999,,,,,,,,,,,,,,,,,,,,,,,,,,,0.26788511872291565,0.0,0.10356606543064117,0.0,2.4171361923217773,0.000873930926900357,0.0018575399881228805,0.028217654675245285,0.02272460237145424,0.033710695803165436,0.0,0.9643574357032776,0.9226983785629272
134,26999,,,,,,,,,,,,,,0.27534765005111694,0.0,0.11960458010435104,0.0,0.1648571789264679,0.002404329599812627,0.001734511461108923,0.03367949277162552,0.03712690994143486,0.03023209050297737,0.0,0.9000433087348938,0.9274969696998596,,,,,,,,,,,,,
135,27199,,,,,,,,,,,,,,,,,,,,,,,,,,,0.2546452283859253,0.0,0.09845499694347382,0.0,2.146070718765259,0.0008461502147838473,0.0020347880199551582,0.029064247384667397,0.022303175181150436,0.03582531958818436,0.0,0.9659652709960938,0.9149839878082275
135,27199,,,,,,,,,,,,,,0.2697279453277588,0.0,0.121762216091156,0.0,0.15223325788974762,0.002486869227141142,0.001755580771714449,0.03403245285153389,0.03762417659163475,0.03044074773788452,0.0,0.8967480659484863,0.9263502359390259,,,,,,,,,,,,,
136,27399,,,,,,,,,,,,,,,,,,,,,,,,,,,0.2730405926704407,0.0,0.1114228218793869,0.0,1.9633691310882568,0.0008328455733135343,0.0019976424518972635,0.028215790167450905,0.021515922620892525,0.03491564840078354,0.0,0.9658445119857788,0.9174060225486755
136,27399,,,,,,,,,,,,,,0.2731578052043915,0.0,0.11822761595249176,0.0,0.13543803989887238,0.002481862436980009,0.001760088955052197,0.033906567841768265,0.037495262920856476,0.030317867174744606,0.0,0.8959301114082336,0.9259502291679382,,,,,,,,,,,,,
137,27599,,,,,,,,,,,,,,,,,,,,,,,,,,,0.26560935378074646,0.0,0.10931035131216049,0.0,1.7204447984695435,0.0007455407176166773,0.0017575121019035578,0.027133218944072723,0.020858194679021835,0.03340824320912361,0.0,0.9692687392234802,0.9261599183082581
137,27599,,,,,,,,,,,,,,0.27479884028434753,0.0,0.11941937357187271,0.0,0.11986584961414337,0.002402456710115075,0.0017378522315993905,0.033574484288692474,0.03701823577284813,0.030130727216601372,0.0,0.9002499580383301,0.926964521408081,,,,,,,,,,,,,
138,27799,,,,,,,,,,,,,,,,,,,,,,,,,,,0.2806745767593384,0.0,0.09869194775819778,0.0,1.5092153549194336,0.0009907868225127459,0.0018121034372597933,0.02841123752295971,0.02348189987242222,0.03334056958556175,0.0,0.9597887396812439,0.9256439805030823
138,27799,,,,,,,,,,,,,,0.272371381521225,0.0,0.11378505080938339,0.0,0.10859414935112,0.0023938207887113094,0.0017155936220660806,0.03340408205986023,0.03690158575773239,0.029906554147601128,0.0,0.9006208181381226,0.9275837540626526,,,,,,,,,,,,,
139,27999,,,,,,,,,,,,,,,,,,,,,,,,,,,0.2735137343406677,0.0,0.11079063266515732,0.0,1.3008052110671997,0.0010044826194643974,0.001997978426516056,0.02949756383895874,0.02384566143155098,0.0351494699716568,0.0,0.9590345621109009,0.9170308113098145
139,27999,,,,,,,,,,,,,,0.2816936671733856,0.0,0.11927586793899536,0.0,0.09667685627937317,0.0024398297537118196,0.001737949438393116,0.03350958228111267,0.03697456791996956,0.03004460409283638,0.0,0.8986680507659912,0.9272493124008179,,,,,,,,,,,,,
140,28199,,,,,,,,,,,,,,,,,,,,,,,,,,,0.2750841975212097,0.0,0.1040332093834877,0.0,1.200676441192627,0.0008058436797000468,0.0017753021093085408,0.027297599241137505,0.021256711333990097,0.033338483422994614,0.0,0.9667007923126221,0.9254728555679321
140,28199,,,,,,,,,,,,,,0.2813446521759033,0.0,0.11948691308498383,0.0,0.08277525752782822,0.0022674626670777798,0.001793306670151651,0.03311564400792122,0.03579140082001686,0.030439898371696472,0.0,0.9056339263916016,0.924177348613739,,,,,,,,,,,,,
141,28399,,,,,,,,,,,,,,,,,,,,,,,,,,,0.2743230164051056,0.0,0.13378170132637024,0.0,1.0164307355880737,0.0010123371612280607,0.002286268398165703,0.030650096014142036,0.024098612368106842,0.037201572209596634,0.0,0.9588478803634644,0.9054877758026123
141,28399,,,,,,,,,,,,,,0.26680806279182434,0.0,0.11900573968887329,0.0,0.07468781620264053,0.0023769603576511145,0.0017029758309945464,0.03331100195646286,0.03683960810303688,0.029782388359308243,0.0,0.9013038873672485,0.9289004802703857,,,,,,,,,,,,,
142,28599,,,,,,,,,,,,,,,,,,,,,,,,,,,0.260534405708313,0.0,0.09685298055410385,0.0,0.8990629315376282,0.0009101171162910759,0.0023947409354150295,0.031055349856615067,0.023055629804730415,0.03905506059527397,0.0,0.9626206755638123,0.8998602032661438
142,28599,,,,,,,,,,,,,,0.2799731492996216,0.0,0.1218920350074768,0.0,0.06330010294914246,0.002401355654001236,0.0017809990094974637,0.03371559828519821,0.03708678111433983,0.030344435945153236,0.0,0.8996527791023254,0.9253464341163635,,,,,,,,,,,,,
143,28799,,,,,,,,,,,,,,,,,,,,,,,,,,,0.2550448775291443,0.0,0.11322395503520966,0.0,0.790631115436554,0.0009226275724358857,0.0019870575051754713,0.028552116826176643,0.022627944126725197,0.03447628393769264,0.0,0.9606987237930298,0.915395200252533
143,28799,,,,,,,,,,,,,,0.2695365250110626,0.0,0.11537016928195953,0.0,0.057786475867033005,0.00240221805870533,0.0017867549322545528,0.03367884084582329,0.036925919353961945,0.030431773513555527,0.0,0.8997361660003662,0.9249779582023621,,,,,,,,,,,,,
144,28999,,,,,,,,,,,,,,,,,,,,,,,,,,,0.26560068130493164,0.0,0.10101611912250519,0.0,0.638919472694397,0.0007686589378863573,0.0018911361694335938,0.027771567925810814,0.02114221826195717,0.034400925040245056,0.0,0.9691051244735718,0.9227311611175537
144,28999,,,,,,,,,,,,,,0.2730400562286377,0.0,0.11741676181554794,0.0,0.051142219454050064,0.0023893960751593113,0.001718334504403174,0.03347507864236832,0.036866381764411926,0.03008376434445381,0.0,0.9004323482513428,0.9280041456222534,,,,,,,,,,,,,
145,29199,,,,,,,,,,,,,,,,,,,,,,,,,,,0.2602948248386383,0.0,0.09897514432668686,0.0,0.5584965348243713,0.0008933921344578266,0.001860993797890842,0.02763882838189602,0.022145798429846764,0.033131856471300125,0.0,0.9641383290290833,0.9232475757598877
145,29199,,,,,,,,,,,,,,0.2577052712440491,0.0,0.11772962659597397,0.0,0.042059607803821564,0.002389398869127035,0.0017919712699949741,0.03372279182076454,0.03690012916922569,0.030545448884367943,0.0,0.900225043296814,0.9245314598083496,,,,,,,,,,,,,
146,29399,,,,,,,,,,,,,,,,,,,,,,,,,,,0.2746565043926239,0.0,0.10858511179685593,0.0,0.4609479606151581,0.0008247086661867797,0.0018854093505069613,0.027945170179009438,0.021673843264579773,0.03421650826931,0.0,0.9663546085357666,0.9222373366355896
146,29399,,,,,,,,,,,,,,0.2762751281261444,0.0,0.11837949603796005,0.0,0.03632635250687599,0.0024069841019809246,0.0017647306667640805,0.03367283567786217,0.03709902986884117,0.030246665701270103,0.0,0.8994641900062561,0.9263471364974976,,,,,,,,,,,,,
147,29599,,,,,,,,,,,,,,,,,,,,,,,,,,,0.25712233781814575,0.0,0.10544835776090622,0.0,0.3740701675415039,0.000968187814578414,0.002002227120101452,0.029144421219825745,0.023413145914673805,0.034875690937042236,0.0,0.9602055549621582,0.9164461493492126
147,29599,,,,,,,,,,,,,,0.2746199667453766,0.0,0.11869747936725616,0.0,0.030783046036958694,0.002311810152605176,0.0016955086030066013,0.032968342304229736,0.03612613305449486,0.029810555279254913,0.0,0.9035181403160095,0.9288504719734192,,,,,,,,,,,,,
148,29799,,,,,,,,,,,,,,,,,,,,,,,,,,,0.2520652413368225,0.0,0.09992071986198425,0.0,0.325688898563385,0.0009105211356654763,0.001684978953562677,0.027329813688993454,0.022440221160650253,0.03221941366791725,0.0,0.9623628258705139,0.9299353957176208
148,29799,,,,,,,,,,,,,,0.27374231815338135,0.0,0.1205357238650322,0.0,0.02654189057648182,0.0023662487510591745,0.0017043750267475843,0.03325978294014931,0.036682918667793274,0.029836686328053474,0.0,0.9014173746109009,0.9279596209526062,,,,,,,,,,,,,
149,29999,,,,,,,,,,,,,,,,,,,,,,,,,,,0.2614474296569824,0.0,0.09370337426662445,0.0,0.266371488571167,0.0009348763269372284,0.002024065935984254,0.029174095019698143,0.0227192472666502,0.03562895953655243,0.0,0.9613993167877197,0.916076123714447
149,29999,,,,,,,,,,,,,,0.27145037055015564,0.0,0.12114957720041275,0.0,0.022302307188510895,0.0024006450548768044,0.0016532131703570485,0.033316001296043396,0.03705717623233795,0.029574820771813393,0.0,0.8992156386375427,0.9305905103683472,,,,,,,,,,,,,
150,30199,,,,,,,,,,,,,,,,,,,,,,,,,,,0.28239014744758606,0.0,0.10490667074918747,0.0,0.22360238432884216,0.0008662473410367966,0.0018413831712678075,0.028079435229301453,0.022521693259477615,0.03363716974854469,0.0,0.9648064374923706,0.9235056042671204
150,30199,,,,,,,,,,,,,,0.27235907316207886,0.0,0.11957159638404846,0.0,0.019613703712821007,0.002362960483878851,0.001663004863075912,0.03298205882310867,0.03652572259306908,0.029438424855470657,0.0,0.9009762406349182,0.930157482624054,,,,,,,,,,,,,
151,30399,,,,,,,,,,,,,,,,,,,,,,,,,,,0.27770814299583435,0.0,0.11129459738731384,0.0,0.18402595818042755,0.0008261668845079839,0.0018727011047303677,0.02827119082212448,0.02183605171740055,0.03470633178949356,0.0,0.9658899903297424,0.9213073253631592
151,30399,,,,,,,,,,,,,,0.27677324414253235,0.0,0.11636083573102951,0.0,0.016461683437228203,0.002374662086367607,0.0016375590348616242,0.0329490564763546,0.03666234761476517,0.0292357187718153,0.0,0.9014357924461365,0.9312310218811035,,,,,,,,,,,,,
152,30599,,,,,,,,,,,,,,,,,,,,,,,,,,,0.2765561044216156,0.0,0.10070811212062836,0.0,0.15256182849407196,0.0008185844635590911,0.0017945260042324662,0.027496928349137306,0.021687975153326988,0.03330587223172188,0.0,0.9672231078147888,0.9269102215766907
152,30599,,,,,,,,,,,,,,0.28108251094818115,0.0,0.11967404186725616,0.0,0.014095272868871689,0.00231513986364007,0.001674144878052175,0.03295784443616867,0.03630441799759865,0.02961127460002899,0.0,0.9035102725028992,0.9297142028808594,,,,,,,,,,,,,
153,30799,,,,,,,,,,,,,,,,,,,,,,,,,,,0.27069810032844543,0.0,0.0969221293926239,0.0,0.12095850706100464,0.0008206015336327255,0.00186722946818918,0.02777198515832424,0.02133924886584282,0.03420472517609596,0.0,0.9665991067886353,0.922463595867157
153,30799,,,,,,,,,,,,,,0.27905747294425964,0.0,0.11590495705604553,0.0,0.012182721868157387,0.0023348017130047083,0.0017080523539334536,0.033040497452020645,0.036272887140512466,0.02980811893939972,0.0,0.9026833176612854,0.9281848669052124,,,,,,,,,,,,,
154,30999,,,,,,,,,,,,,,,,,,,,,,,,,,,0.28062161803245544,0.0,0.10429981350898743,0.0,0.09754623472690582,0.0007375854765996337,0.001817875076085329,0.027297915890812874,0.020762622356414795,0.03383321687579155,0.0,0.969559907913208,0.9236754775047302
154,30999,,,,,,,,,,,,,,0.2791965901851654,0.0,0.12167888879776001,0.0,0.01019186619669199,0.002280654152855277,0.0016579312505200505,0.032760217785835266,0.03613759204745293,0.029382847249507904,0.0,0.9051186442375183,0.9304067492485046,,,,,,,,,,,,,
155,31199,,,,,,,,,,,,,,,,,,,,,,,,,,,0.26894497871398926,0.0,0.09790897369384766,0.0,0.07979530096054077,0.0007268464541994035,0.0016857805894687772,0.026134686544537544,0.020235473290085793,0.032033905386924744,0.0,0.969692051410675,0.9289958477020264
155,31199,,,,,,,,,,,,,,0.2753084897994995,0.0,0.1193418949842453,0.0,0.008696423843502998,0.002322843763977289,0.0016958576161414385,0.0330992192029953,0.03636235371232033,0.029836058616638184,0.0,0.9032977819442749,0.9289280772209167,,,,,,,,,,,,,
156,31399,,,,,,,,,,,,,,,,,,,,,,,,,,,0.28368788957595825,0.0,0.10705164819955826,0.0,0.058993369340896606,0.0009532562689855695,0.002058575162664056,0.029549097642302513,0.02350758947432041,0.03559060022234917,0.0,0.9607843160629272,0.9143679738044739
156,31399,,,,,,,,,,,,,,0.2804492712020874,0.0,0.11418697237968445,0.0,0.007890078239142895,0.0023478062357753515,0.0015995000721886754,0.03272106498479843,0.03657566383481026,0.028866451233625412,0.0,0.9019708037376404,0.932746946811676,,,,,,,,,,,,,
157,31599,,,,,,,,,,,,,,,,,,,,,,,,,,,0.2639094293117523,0.0,0.10733294486999512,0.0,0.0508011095225811,0.0007117707864381373,0.0016339888097718358,0.026114294305443764,0.02053695172071457,0.031691621989011765,0.0,0.9709045886993408,0.9317204356193542
157,31599,,,,,,,,,,,,,,0.2761420011520386,0.0,0.12077467143535614,0.0,0.0068814437836408615,0.0022601804230362177,0.0016821575118228793,0.03257906064391136,0.03567689284682274,0.029481200501322746,0.0,0.9058406352996826,0.9298804402351379,,,,,,,,,,,,,
158,31799,,,,,,,,,,,,,,,,,,,,,,,,,,,0.28049081563949585,0.0,0.10726518929004669,0.0,0.03909853845834732,0.0008626556373201311,0.001847012434154749,0.027991030365228653,0.02212686464190483,0.033855196088552475,0.0,0.9639174938201904,0.9216327667236328
158,31799,,,,,,,,,,,,,,0.28069868683815,0.0,0.12169043719768524,0.0,0.006241166964173317,0.0022425048518925905,0.0016654054634273052,0.032521337270736694,0.03579091653227806,0.02925175242125988,0.0,0.9067920446395874,0.9303946495056152,,,,,,,,,,,,,
159,31999,,,,,,,,,,,,,,,,,,,,,,,,,,,0.2636626362800598,0.0,0.10649409145116806,0.0,0.029962727800011635,0.0008607831550762057,0.001969266915693879,0.028143322095274925,0.02191336639225483,0.03437327593564987,0.0,0.9647479057312012,0.9189494252204895
159,31999,,,,,,,,,,,,,,0.2749537527561188,0.0,0.11629876494407654,0.0,0.0055665140971541405,0.0023399025667458773,0.0015877989353612065,0.032649070024490356,0.03646163269877434,0.028836503624916077,0.0,0.9029596447944641,0.9333432912826538,,,,,,,,,,,,,
160,32199,,,,,,,,,,,,,,,,,,,,,,,,,,,0.2681644558906555,0.0,0.12339849770069122,0.0,0.022969992831349373,0.0008928618626669049,0.001644527306780219,0.027273058891296387,0.022943396121263504,0.03160272166132927,0.0,0.9634358882904053,0.9319028258323669
160,32199,,,,,,,,,,,,,,0.2717467248439789,0.0,0.1201707050204277,0.0,0.005008475389331579,0.002322982531040907,0.0016177878715097904,0.03265780955553055,0.036290690302848816,0.02902493253350258,0.0,0.9023987650871277,0.9318572878837585,,,,,,,,,,,,,
161,32399,,,,,,,,,,,,,,,,,,,,,,,,,,,0.2807730436325073,0.0,0.10709844529628754,0.0,0.018074650317430496,0.0008537943940609694,0.0018517508869990706,0.02802419848740101,0.022308900952339172,0.033739496022462845,0.0,0.9642347693443298,0.9221062660217285
161,32399,,,,,,,,,,,,,,0.2862275242805481,0.0,0.11740043759346008,0.0,0.004683462902903557,0.0022440189495682716,0.001652400242164731,0.03247692063450813,0.035798195749521255,0.029155628755688667,0.0,0.9063569903373718,0.9304482340812683,,,,,,,,,,,,,
162,32599,,,,,,,,,,,,,,,,,,,,,,,,,,,0.2666129171848297,0.0,0.11504366993904114,0.0,0.015704751014709473,0.0009509570663794875,0.002025038003921509,0.029110193252563477,0.023494625464081764,0.03472576290369034,0.0,0.961310625076294,0.9154829978942871
162,32599,,,,,,,,,,,,,,0.28151148557662964,0.0,0.12226403504610062,0.0,0.004614606499671936,0.0022935953456908464,0.001663351315073669,0.03267834335565567,0.035984188318252563,0.02937248721718788,0.0,0.904396653175354,0.9301121234893799,,,,,,,,,,,,,
163,32799,,,,,,,,,,,,,,,,,,,,,,,,,,,0.2506549060344696,0.0,0.10189500451087952,0.0,0.010699253529310226,0.0007695909007452428,0.0016832579858601093,0.026475030928850174,0.020878443494439125,0.03207162395119667,0.0,0.9685487151145935,0.929908037185669
163,32799,,,,,,,,,,,,,,0.270338237285614,0.0,0.12213756889104843,0.0,0.004309882875531912,0.002259256783872843,0.0016246942104771733,0.03238588944077492,0.035774100571870804,0.028997676447033882,0.0,0.9056004881858826,0.9322103261947632,,,,,,,,,,,,,
164,32999,,,,,,,,,,,,,,,,,,,,,,,,,,,0.25904011726379395,0.0,0.10622170567512512,0.0,0.012209215201437473,0.0008244322962127626,0.002011634176596999,0.028943775221705437,0.022207321599125862,0.035680223256349564,0.0,0.9658072590827942,0.9156287312507629
164,32999,,,,,,,,,,,,,,0.2625023424625397,0.0,0.12037938833236694,0.0,0.0042092464864254,0.002244501607492566,0.0016429983079433441,0.03240363672375679,0.035643283277750015,0.029163973405957222,0.0,0.9065402746200562,0.930830717086792,,,,,,,,,,,,,
165,33199,,,,,,,,,,,,,,,,,,,,,,,,,,,0.2729211747646332,0.0,0.11367546021938324,0.0,0.008584239520132542,0.0007799500017426908,0.0018145604990422726,0.02726825699210167,0.020915858447551727,0.03362066671252251,0.0,0.9685848355293274,0.9248052835464478
165,33199,,,,,,,,,,,,,,0.275378942489624,0.0,0.12115504592657089,0.0,0.004240082576870918,0.002322334563359618,0.0016576494090259075,0.03287940099835396,0.03625202551484108,0.02950676530599594,0.0,0.9032890796661377,0.9299600720405579,,,,,,,,,,,,,
166,33399,,,,,,,,,,,,,,,,,,,,,,,,,,,0.2756042778491974,0.0,0.10462937504053116,0.0,0.006612797267735004,0.0009290667367167771,0.00180956837721169,0.02798152156174183,0.02289602719247341,0.0330670103430748,0.0,0.9617710709571838,0.9242799282073975
166,33399,,,,,,,,,,,,,,0.27327287197113037,0.0,0.12065930664539337,0.0,0.004022810608148575,0.0023187752813100815,0.0015605660155415535,0.03249586373567581,0.03632764145731926,0.028664086014032364,0.0,0.903548002243042,0.9346876740455627,,,,,,,,,,,,,
167,33599,,,,,,,,,,,,,,,,,,,,,,,,,,,0.265745609998703,0.0,0.10268968343734741,0.0,0.006104345433413982,0.0009369553881697357,0.0019695675000548363,0.028726106509566307,0.022736214101314545,0.034716010093688965,0.0,0.9612884521484375,0.9179624319076538
167,33599,,,,,,,,,,,,,,0.2758355736732483,0.0,0.12113090604543686,0.0,0.00403185561299324,0.0022406226489692926,0.0016745302127674222,0.032501496374607086,0.035531867295503616,0.029471153393387794,0.0,0.9068690538406372,0.9303157925605774,,,,,,,,,,,,,
168,33799,,,,,,,,,,,,,,,,,,,,,,,,,,,0.27361124753952026,0.0,0.10484731942415237,0.0,0.007233164273202419,0.0007322233868762851,0.0017549204640090466,0.026215938851237297,0.020278088748455048,0.03215378522872925,0.0,0.9699579477310181,0.927969753742218
168,33799,,,,,,,,,,,,,,0.28132230043411255,0.0,0.11455477029085159,0.0,0.003991919104009867,0.0022292020730674267,0.001646576332859695,0.03243038058280945,0.03556884080171585,0.029291905462741852,0.0,0.9075846076011658,0.9308779239654541,,,,,,,,,,,,,
169,33999,,,,,,,,,,,,,,,,,,,,,,,,,,,0.26114514470100403,0.0,0.1166473776102066,0.0,0.005662713665515184,0.0007478378247469664,0.001740070292726159,0.02640221267938614,0.02036481909453869,0.03243961185216904,0.0,0.9703993797302246,0.9282177686691284
169,33999,,,,,,,,,,,,,,0.27610155940055847,0.0,0.12268857657909393,0.0,0.004056744743138552,0.002236208412796259,0.0016720599960535765,0.03263290971517563,0.03575291484594345,0.029512906447052956,0.0,0.9069230556488037,0.9295221567153931,,,,,,,,,,,,,
170,34199,,,,,,,,,,,,,,,,,,,,,,,,,,,0.2606693506240845,0.0,0.10357547551393509,0.0,0.006736996117979288,0.0007782902684994042,0.0020974238868802786,0.028521206229925156,0.02101767621934414,0.03602473810315132,0.0,0.9677954316139221,0.9127635359764099
170,34199,,,,,,,,,,,,,,0.27887260913848877,0.0,0.11997049301862717,0.0,0.003998726140707731,0.0022055774461477995,0.001637685694731772,0.03226132318377495,0.0354507640004158,0.029071876779198647,0.0,0.9074779748916626,0.931179404258728,,,,,,,,,,,,,
171,34399,,,,,,,,,,,,,,,,,,,,,,,,,,,0.2885204255580902,0.0,0.09582744538784027,0.0,0.005392180290073156,0.0008917446248233318,0.0018796048825606704,0.02799537032842636,0.02228241227567196,0.03370833396911621,0.0,0.9633690118789673,0.9215502738952637
171,34399,,,,,,,,,,,,,,0.2819928824901581,0.0,0.11922178417444229,0.0,0.0039943004958331585,0.00226913345977664,0.0016074271406978369,0.03240393474698067,0.03587683290243149,0.02893105521798134,0.0,0.9055690169334412,0.9322460293769836,,,,,,,,,,,,,
172,34599,,,,,,,,,,,,,,,,,,,,,,,,,,,0.2954859435558319,0.0,0.10416412353515625,0.0,0.00522091519087553,0.0007507471600547433,0.001573703601025045,0.025574835017323494,0.020623601973056793,0.030526073649525642,0.0,0.9688711762428284,0.9329782128334045
172,34599,,,,,,,,,,,,,,0.2942792475223541,0.0,0.11311828345060349,0.0,0.003949019126594067,0.0022683674469590187,0.0016035789158195257,0.032352834939956665,0.03583553433418274,0.028870122507214546,0.0,0.9057552814483643,0.9329572319984436,,,,,,,,,,,,,
173,34799,,,,,,,,,,,,,,,,,,,,,,,,,,,0.282100111246109,0.0,0.11985734850168228,0.0,0.001397335552610457,0.0007174175698310137,0.0015279037179425359,0.02570389024913311,0.020793728530406952,0.030614053830504417,0.0,0.9699738025665283,0.9362434148788452
173,34799,,,,,,,,,,,,,,0.2905104160308838,0.0,0.12309100478887558,0.0,0.00384641345590353,0.0021897046826779842,0.001551106688566506,0.03184552490711212,0.03514585644006729,0.0285451989620924,0.0,0.9083209037780762,0.934723436832428,,,,,,,,,,,,,
174,34999,,,,,,,,,,,,,,,,,,,,,,,,,,,0.2795667052268982,0.0,0.106607586145401,0.0,0.002421247074380517,0.0007497976184822619,0.0017225099727511406,0.026843030005693436,0.020768187940120697,0.03291787952184677,0.0,0.9695305824279785,0.9291414022445679
174,34999,,,,,,,,,,,,,,0.2838578224182129,0.0,0.12178067862987518,0.0,0.003807973815128207,0.002204181859269738,0.0015525195049121976,0.031805433332920074,0.03525623679161072,0.028354626148939133,0.0,0.9079017043113708,0.9349521398544312,,,,,,,,,,,,,
175,35199,,,,,,,,,,,,,,,,,,,,,,,,,,,0.27266615629196167,0.0,0.11911790817975998,0.0,0.0061802673153579235,0.0007885143277235329,0.001845839200541377,0.02742704562842846,0.021498555317521095,0.03335554152727127,0.0,0.967266857624054,0.9229927062988281
175,35199,,,,,,,,,,,,,,0.28257986903190613,0.0,0.11986776441335678,0.0,0.003892159555107355,0.0022231298498809338,0.0016337549313902855,0.032430414110422134,0.03559422492980957,0.02926659770309925,0.0,0.9079957604408264,0.931459903717041,,,,,,,,,,,,,
176,35399,,,,,,,,,,,,,,,,,,,,,,,,,,,0.28205132484436035,0.0,0.10100371390581131,0.0,0.003747339826077223,0.001034179818816483,0.0018198862671852112,0.028999263420701027,0.02442564070224762,0.03357288986444473,0.0,0.9578622579574585,0.9247918725013733
176,35399,,,,,,,,,,,,,,0.2765606939792633,0.0,0.11926747113466263,0.0,0.003951117862015963,0.0022405493073165417,0.0015904407482594252,0.032218433916568756,0.03566783294081688,0.028769033029675484,0.0,0.906654953956604,0.9329918622970581,,,,,,,,,,,,,
177,35599,,,,,,,,,,,,,,,,,,,,,,,,,,,0.25475013256073,0.0,0.12111932039260864,0.0,0.005410587880760431,0.0007476276950910687,0.001694017555564642,0.026265161111950874,0.021016305312514305,0.03151401877403259,0.0,0.9695868492126465,0.9308942556381226
177,35599,,,,,,,,,,,,,,0.27501124143600464,0.0,0.11739608645439148,0.0,0.0038030340801924467,0.0022260271944105625,0.0015548178926110268,0.03190790116786957,0.03552738577127457,0.02828841842710972,0.0,0.9075456261634827,0.9349245429039001,,,,,,,,,,,,,
178,35799,,,,,,,,,,,,,,,,,,,,,,,,,,,0.2705307900905609,0.0,0.10589629411697388,0.0,0.0052520278841257095,0.000805532792583108,0.001696237362921238,0.0270422101020813,0.021576397120952606,0.03250802308320999,0.0,0.9669661521911621,0.9298784732818604
178,35799,,,,,,,,,,,,,,0.275361031293869,0.0,0.11576488614082336,0.0,0.003929325379431248,0.0022186757996678352,0.0016113141318783164,0.03217485547065735,0.03542785346508026,0.028921840712428093,0.0,0.907823383808136,0.9323536157608032,,,,,,,,,,,,,
179,35999,,,,,,,,,,,,,,,,,,,,,,,,,,,0.2759470045566559,0.0,0.09693533927202225,0.0,0.00501786544919014,0.0008134770905598998,0.001766934059560299,0.0266167800873518,0.021385369822382927,0.031848203390836716,0.0,0.9665958285331726,0.9258776307106018
179,35999,,,,,,,,,,,,,,0.28887608647346497,0.0,0.11625775694847107,0.0,0.003967344295233488,0.0022316838148981333,0.0015515820123255253,0.03202049434185028,0.03556846082210541,0.028472527861595154,0.0,0.9072849154472351,0.9349232316017151,,,,,,,,,,,,,
180,36199,,,,,,,,,,,,,,,,,,,,,,,,,,,0.281830757856369,0.0,0.1033879816532135,0.0,0.007979903370141983,0.0009233456803485751,0.0017729154787957668,0.027702517807483673,0.022952405735850334,0.03245263174176216,0.0,0.9618470072746277,0.9257115721702576
180,36199,,,,,,,,,,,,,,0.2768086791038513,0.0,0.11572441458702087,0.0,0.0038964799605309963,0.002184792887419462,0.0015933269169181585,0.03194358944892883,0.03518851101398468,0.028698649257421494,0.0,0.908731997013092,0.9335856437683105,,,,,,,,,,,,,
181,36399,,,,,,,,,,,,,,,,,,,,,,,,,,,0.28753235936164856,0.0,0.0989939495921135,0.0,0.006028858013451099,0.0006773634813725948,0.001518767443485558,0.0249128770083189,0.019846029579639435,0.029979728162288666,0.0,0.9721282124519348,0.9366843700408936
181,36399,,,,,,,,,,,,,,0.27783164381980896,0.0,0.11911214888095856,0.0,0.003968984354287386,0.002167552476748824,0.0016007967060431838,0.03201907500624657,0.035048291087150574,0.0289898794144392,0.0,0.9099777936935425,0.9331516027450562,,,,,,,,,,,,,
182,36599,,,,,,,,,,,,,,,,,,,,,,,,,,,0.2549503445625305,0.0,0.09719059616327286,0.0,0.004516698885709047,0.0009436749387532473,0.0020053430926054716,0.029381215572357178,0.023123402148485184,0.03563903272151947,0.0,0.9614928364753723,0.9162801504135132
182,36599,,,,,,,,,,,,,,0.2885146737098694,0.0,0.11909853667020798,0.0,0.003922213800251484,0.0022475311998277903,0.0015820817789062858,0.03208385780453682,0.03552286699414253,0.02864486537873745,0.0,0.9060786366462708,0.9335127472877502,,,,,,,,,,,,,
183,36799,,,,,,,,,,,,,,,,,,,,,,,,,,,0.24472898244857788,0.0,0.12391138076782227,0.0,0.002599173691123724,0.0009570274269208312,0.0021320306695997715,0.029639046639204025,0.023405637592077255,0.0358724482357502,0.0,0.9604150652885437,0.9102020263671875
183,36799,,,,,,,,,,,,,,0.27177515625953674,0.0,0.1204763799905777,0.0,0.0038256265688687563,0.0021577170118689537,0.0015302165411412716,0.03156309202313423,0.034895867109298706,0.028230303898453712,0.0,0.9099331498146057,0.9357424974441528,,,,,,,,,,,,,
184,36999,,,,,,,,,,,,,,,,,,,,,,,,,,,0.25692808628082275,0.0,0.11260843276977539,0.0,0.00532962940633297,0.0008739560726098716,0.0016026785597205162,0.026785992085933685,0.022570108994841576,0.031001871451735497,0.0,0.9638850688934326,0.9329357147216797
184,36999,,,,,,,,,,,,,,0.2790895700454712,0.0,0.12161211669445038,0.0,0.0037517782766371965,0.002132160821929574,0.0015565190697088838,0.031691838055849075,0.03482557460665703,0.028558097779750824,0.0,0.9106485843658447,0.9345133304595947,,,,,,,,,,,,,
185,37199,,,,,,,,,,,,,,,,,,,,,,,,,,,0.26800116896629333,0.0,0.10654010623693466,0.0,0.0045125437900424,0.0008210486848838627,0.001767856301739812,0.026831496506929398,0.02146146073937416,0.03220152482390404,0.0,0.9661982655525208,0.9260855317115784
185,37199,,,,,,,,,,,,,,0.27317553758621216,0.0,0.12267252802848816,0.0,0.003891530679538846,0.002225855365395546,0.0016173996264114976,0.03219742700457573,0.035376474261283875,0.029018396511673927,0.0,0.9062712788581848,0.932268500328064,,,,,,,,,,,,,
186,37399,,,,,,,,,,,,,,,,,,,,,,,,,,,0.2667156755924225,0.0,0.10689403861761093,0.0,0.003326455131173134,0.0008018356747925282,0.0017586885951459408,0.026965457946062088,0.021403992548584938,0.03252691403031349,0.0,0.9673011302947998,0.926846981048584
186,37399,,,,,,,,,,,,,,0.2805826663970947,0.0,0.1218017116189003,0.0,0.00386050040833652,0.0022008090745657682,0.0015505125047639012,0.031855884939432144,0.03537629544734955,0.028335457667708397,0.0,0.9075194597244263,0.9347796440124512,,,,,,,,,,,,,
187,37599,,,,,,,,,,,,,,,,,,,,,,,,,,,0.2799999713897705,0.0,0.10178770869970322,0.0,0.0023579823318868876,0.000788805540651083,0.0016931371064856648,0.026755420491099358,0.02127077430486679,0.03224007412791252,0.0,0.9676358699798584,0.928947925567627
187,37599,,,,,,,,,,,,,,0.27298223972320557,0.0,0.12192948162555695,0.0,0.00384397036395967,0.0022313320077955723,0.0015090879751369357,0.03179197758436203,0.03542210906744003,0.02816183492541313,0.0,0.9070770740509033,0.9367927312850952,,,,,,,,,,,,,
188,37799,,,,,,,,,,,,,,,,,,,,,,,,,,,0.27248939871788025,0.0,0.09882114082574844,0.0,0.008954391814768314,0.0008781602955423295,0.0017641022568568587,0.027554037049412727,0.022290954366326332,0.032817114144563675,0.0,0.9640511870384216,0.9265355467796326
188,37799,,,,,,,,,,,,,,0.2889900505542755,0.0,0.11855138093233109,0.0,0.003961676266044378,0.0021680393256247044,0.0016567211132496595,0.03206020966172218,0.03488500416278839,0.029235422611236572,0.0,0.9099735021591187,0.9304291605949402,,,,,,,,,,,,,
189,37999,,,,,,,,,,,,,,,,,,,,,,,,,,,0.23665809631347656,0.0,0.125170037150383,0.0,0.0003884998441208154,0.0009275951306335628,0.0018254258902743459,0.028512293472886086,0.023471279069781303,0.03355330601334572,0.0,0.9618017673492432,0.9228237271308899
189,37999,,,,,,,,,,,,,,0.26262858510017395,0.0,0.11977264285087585,0.0,0.003924815449863672,0.0021886129397898912,0.0015978694427758455,0.0319802351295948,0.03522989898920059,0.028730565682053566,0.0,0.9083350300788879,0.9333266615867615,,,,,,,,,,,,,
190,38199,,,,,,,,,,,,,,,,,,,,,,,,,,,0.2600202262401581,0.0,0.11335093528032303,0.0,0.0058305650018155575,0.0008883402333594859,0.001969139324501157,0.028094924986362457,0.02184375934302807,0.0343460813164711,0.0,0.9643470048904419,0.9191705584526062
190,38199,,,,,,,,,,,,,,0.2761881351470947,0.0,0.12520039081573486,0.0,0.003880492178723216,0.002245044568553567,0.0015394409419968724,0.03196442499756813,0.035624679177999496,0.028304196894168854,0.0,0.9069059491157532,0.9354785084724426,,,,,,,,,,,,,
191,38399,,,,,,,,,,,,,,,,,,,,,,,,,,,0.2714005410671234,0.0,0.10386674851179123,0.0,0.0037688491865992546,0.0009751624893397093,0.0021438614930957556,0.030056340619921684,0.023949922993779182,0.03616275265812874,0.0,0.958666980266571,0.9089173674583435
191,38399,,,,,,,,,,,,,,0.2824937105178833,0.0,0.12371310591697693,0.0,0.0037690617609769106,0.0021622576750814915,0.0015534907579421997,0.031648579984903336,0.03496415913105011,0.028332965448498726,0.0,0.9103944301605225,0.9348184466362,,,,,,,,,,,,,
192,38599,,,,,,,,,,,,,,,,,,,,,,,,,,,0.28527069091796875,0.0,0.11245830357074738,0.0,0.007182943169027567,0.0006342721171677113,0.0015500342706218362,0.024712828919291496,0.019022278487682343,0.030403373762965202,0.0,0.9741132259368896,0.936123251914978
192,38599,,,,,,,,,,,,,,0.2801421284675598,0.0,0.12233860790729523,0.0,0.003883673809468746,0.0022103101946413517,0.0015676571056246758,0.031855013221502304,0.03524789214134216,0.02846214920282364,0.0,0.9079440832138062,0.9345405697822571,,,,,,,,,,,,,
193,38799,,,,,,,,,,,,,,,,,,,,,,,,,,,0.2720434367656708,0.0,0.11326887458562851,0.0,0.0073835765942931175,0.0008945557638071477,0.001838528085500002,0.027341237291693687,0.022117631509900093,0.03256484121084213,0.0,0.9625799059867859,0.9212400913238525
193,38799,,,,,,,,,,,,,,0.2797728180885315,0.0,0.1206730306148529,0.0,0.0039021491538733244,0.002178465947508812,0.0015277789207175374,0.031723037362098694,0.035234659910202026,0.02821141667664051,0.0,0.908586323261261,0.9357240796089172,,,,,,,,,,,,,
194,38999,,,,,,,,,,,,,,,,,,,,,,,,,,,0.2698116898536682,0.0,0.10379082709550858,0.0,0.005490102805197239,0.000919195415917784,0.0019233780913054943,0.02861666865646839,0.023154549300670624,0.03407879173755646,0.0,0.9625811576843262,0.9206398725509644
194,38999,,,,,,,,,,,,,,0.2807886004447937,0.0,0.12061486393213272,0.0,0.003758406965062022,0.0021034562960267067,0.0015368725871667266,0.031334806233644485,0.03436492383480072,0.02830467000603676,0.0,0.9121662378311157,0.935943603515625,,,,,,,,,,,,,
195,39199,,,,,,,,,,,,,,,,,,,,,,,,,,,0.2648690342903137,0.0,0.09243188798427582,0.0,0.002466903068125248,0.0008995083044283092,0.001970859942957759,0.028631510213017464,0.022906053811311722,0.03435696288943291,0.0,0.9630863666534424,0.9192768931388855
195,39199,,,,,,,,,,,,,,0.27707526087760925,0.0,0.12028533220291138,0.0,0.003809469984844327,0.0021630495321005583,0.0015590488910675049,0.031637128442525864,0.03499267250299454,0.02828158624470234,0.0,0.9098659753799438,0.9344376921653748,,,,,,,,,,,,,
196,39399,,,,,,,,,,,,,,,,,,,,,,,,,,,0.27887967228889465,0.0,0.1080859825015068,0.0,0.004126686602830887,0.0007160108652897179,0.0017083807615563273,0.025944923982024193,0.020082568749785423,0.03180728480219841,0.0,0.9712061285972595,0.9289894700050354
196,39399,,,,,,,,,,,,,,0.2779262065887451,0.0,0.12126462906599045,0.0,0.0037480632308870554,0.0021406952291727066,0.0015608808025717735,0.03154297173023224,0.03478619083762169,0.028299732133746147,0.0,0.9106968641281128,0.9348217248916626,,,,,,,,,,,,,
197,39599,,,,,,,,,,,,,,,,,,,,,,,,,,,0.274059534072876,0.0,0.0948813334107399,0.0,0.008115816861391068,0.0008300132467411458,0.001799434539861977,0.027445655316114426,0.021542377769947052,0.0333489291369915,0.0,0.9658694267272949,0.9248809814453125
197,39599,,,,,,,,,,,,,,0.27714112401008606,0.0,0.1150846853852272,0.0,0.0038119906093925238,0.0021704433020204306,0.0015338780358433723,0.03162824362516403,0.03502139449119568,0.02823510952293873,0.0,0.9093066453933716,0.9356862902641296,,,,,,,,,,,,,
198,39799,,,,,,,,,,,,,,,,,,,,,,,,,,,0.27622538805007935,0.0,0.12152194231748581,0.0,0.005480933003127575,0.0008572323713451624,0.0016623289557173848,0.02658689208328724,0.021941008046269417,0.031232783570885658,0.0,0.9646306037902832,0.9304003119468689
198,39799,,,,,,,,,,,,,,0.27487146854400635,0.0,0.12057209759950638,0.0,0.0039067319594323635,0.002248832955956459,0.001507782842963934,0.031907107681035995,0.03568510338664055,0.02812911756336689,0.0,0.9063073992729187,0.9368398189544678,,,,,,,,,,,,,
199,39999,,,,,,,,,,,,,,,,,,,,,,,,,,,0.27556169033050537,0.0,0.09190849214792252,0.0,0.004935996141284704,0.0007988004945218563,0.0017840424552559853,0.02676498144865036,0.020924417302012444,0.03260555490851402,0.0,0.9678123593330383,0.9267103672027588
199,39999,,,,,,,,,,,,,,0.27699097990989685,0.0,0.12312406301498413,0.0,0.0038907057605683804,0.00222704722546041,0.0015336278593167663,0.031785715371370316,0.03532325103878975,0.028248179703950882,0.0,0.9074775576591492,0.9356105327606201,,,,,,,,,,,,,
200,40000,,,,,,,,,,,,,,,,,,,,,,,,,,,0.27914050221443176,0.0,0.10002750158309937,0.0,0.003265960840508342,0.000740471703466028,0.0016256372909992933,0.025772418826818466,0.0202610045671463,0.03128383308649063,0.0,0.9691886901855469,0.932125985622406
200,40000,0.2819390296936035,0.0,0.10217849910259247,0.0,0.003565173363313079,0.0008672204567119479,0.0017591227078810334,0.02695516124367714,0.02160346880555153,0.03230685740709305,0.0,0.9632183313369751,0.9246450662612915,,,,,,,,,,,,,,,,,,,,,,,,,,
